representation,N,samples,areaMaxOverMin,areaStd,areaMin,areaMax,areaP01,areaP99,chartAspectMean,chartAspectMax,stretchMajorMax,stretchMajorMean,stretchMinorMin,coveringWorst,coveringMean,coveringExcessMean,coveringExcessMax,efficiencyAtWorstCovering,efficiencyAtRmsCovering,totalAreaOverSphere
equirect,39,3042,24.83739,0.4827571,0.06322824,1.570425,0.06322824,1.570425,1.570345,24.83489,1.252975,1.252975,0.05045223,1.428083,1.29793,1.529566,16.1536,0.4903352,0.5884628,1
equirect,158,49928,100.5832,0.4833851,0.01561588,1.570696,0.01561588,1.570696,1.570769,100.5876,1.253293,1.253293,0.01245972,1.42841,1.298329,1.530343,65.3392,0.4901105,0.5881072,1
equirect,632,798848,402.343,0.4834233,0.003904107,1.57079,0.0273274,1.570557,1.570795,402.3441,1.253313,1.253313,0.003115027,1.428466,1.298354,1.53039,261.3316,0.4900727,0.5880856,1
cube,22,2904,4.70049,0.3781783,0.4029848,1.894226,0.4411607,1.84861,1.221046,1.679974,1.377722,1.147948,0.4896552,1.567033,1.151468,1.186844,1.327536,0.4072339,0.7238547,1
cube,91,49686,5.082244,0.379573,0.3757452,1.909629,0.4199056,1.874221,1.221356,1.719385,1.381893,1.148642,0.4674705,1.575018,1.152403,1.187909,1.375273,0.4031152,0.7225474,1
cube,365,799350,5.167698,0.3796541,0.3695737,1.909845,0.4235106,1.873865,1.221374,1.728889,1.381971,1.148682,0.4623455,1.575107,1.152422,1.187896,1.377206,0.4030696,0.7225203,1
eac,22,2904,1.363839,0.08903005,0.8623462,1.176102,0.8623462,1.170139,1.220721,1.653373,1.225503,1.103234,0.7412134,1.235256,1.093222,1.187557,1.332034,0.655369,0.83238,1
eac,91,49686,1.402139,0.08957084,0.8401937,1.178068,0.8460356,1.173512,1.221337,1.712346,1.246226,1.10346,0.7277884,1.237075,1.093421,1.187922,1.37395,0.6534431,0.8320504,1
eac,365,799350,1.411179,0.08960233,0.8348308,1.178095,0.8471569,1.173491,1.221372,1.727096,1.251524,1.103473,0.7246408,1.23709,1.093412,1.187897,1.376854,0.6534278,0.8320635,1
qsc,22,2904,1.003482,0.0003045095,0.9968908,1.000362,0.9993602,1.000362,1.298442,1.498948,1.224227,1.138555,0.8167237,1.154147,1.109657,1.231929,1.331991,0.7507198,0.8117333,1
qsc,91,49686,1.013811,0.0001431282,0.987477,1.001115,0.9999411,1.00003,1.322555,1.537386,1.239909,1.149122,0.8065045,1.205528,1.110667,1.234191,1.471729,0.6880898,0.8102472,1
qsc,365,799350,1.01381,0.00003565472,0.9874755,1.001113,0.9999969,1.000002,1.328746,1.546656,1.243646,1.151816,0.804087,1.205538,1.110819,1.234511,1.471756,0.6880784,0.810037,1
oct,55,3025,4.903326,0.3255797,0.3363206,1.649089,0.3765623,1.629726,1.759554,2.533435,1.689779,1.375155,0.3744773,1.284167,1.053582,1.032384,1.357344,0.6063973,0.8849231,1
oct,224,50176,5.10307,0.3268873,0.3240579,1.65369,0.3794516,1.633147,1.77349,2.591997,1.6924,1.380452,0.3575656,1.285959,1.051666,1.026685,1.287517,0.6047082,0.8876004,1
oct,894,799236,5.172845,0.3269677,0.3197381,1.653956,0.378607,1.633715,1.774379,2.611492,1.692556,1.380733,0.3508878,1.286062,1.051796,1.027001,1.296137,0.6046111,0.8874266,1
oct-ea,55,3025,1.030309,0.0006062436,0.9718171,1.001272,0.999513,1.000397,2.004716,2.897681,1.701873,1.408789,0.5873223,1.189231,1.05855,1.122426,1.413506,0.7070778,0.8909227,1
oct-ea,224,50176,1.007867,0.0000985165,0.9926313,1.00044,0.9998399,1.000024,2.04243,2.955937,1.71926,1.423221,0.5816295,1.175279,1.058316,1.121879,1.381256,0.7239662,0.8913616,1
oct-ea,894,799236,1.007867,0.00002403741,0.9926287,1.000438,0.9999986,1.000001,2.043597,2.987574,1.728458,1.423568,0.5785492,1.188368,1.058606,1.122513,1.412214,0.7081058,0.8908584,1
toast,64,4096,2.100467,0.2383919,0.7857136,1.650365,0.7894875,1.631299,1.851117,2.609587,1.689277,1.374344,0.5492099,1.284667,1.063016,1.094347,1.296697,0.6059253,0.8773351,1
toast,256,65536,2.105579,0.2416145,0.7854179,1.65376,0.787638,1.629219,1.861816,2.617505,1.692362,1.37885,0.5478115,1.285986,1.065616,1.099025,1.298891,0.6046828,0.8730978,1
toast,1024,1048576,2.1059,0.2424123,0.7853994,1.653972,0.7876084,1.628926,1.864426,2.618001,1.692556,1.379953,0.5477242,1.286069,1.066259,1.100181,1.299029,0.604605,0.8720545,1
healpix,16,3072,1.007867,0.0004178701,0.9926735,1.000483,0.999106,1.000396,1.355349,2.315532,1.521251,1.155893,0.6569769,1.144924,1.073547,1.153808,1.310685,0.7628639,0.8666898,1
healpix,65,50700,1.007867,0.00009690949,0.9926313,1.00044,0.9998314,1.000024,1.358969,2.398307,1.548619,1.157039,0.6457134,1.175354,1.074466,1.155889,1.381432,0.7238737,0.8651345,1
healpix,258,798768,1.007867,0.00002397376,0.9926287,1.000438,0.9999985,1.000001,1.359634,2.417877,1.554951,1.157263,0.6431057,1.188366,1.074604,1.156195,1.41221,0.7081079,0.8649058,1
ico-rhombus,16,2560,1.296722,0.08289857,0.9280986,1.203486,0.9289365,1.193394,1.754058,1.997018,1.442348,1.32555,0.6824375,1.097036,1.010233,1.015842,1.042465,0.8309177,0.9784613,1
ico-rhombus,64,40960,1.300355,0.08557336,0.9277266,1.206374,0.9285901,1.201244,1.758182,2.00549,1.44542,1.327322,0.6801872,1.09835,1.011066,1.01723,1.043385,0.8289305,0.9767856,1
ico-rhombus,256,655360,1.300583,0.08622768,0.9277033,1.206555,0.9285445,1.201219,1.759136,2.006021,1.445613,1.327735,0.6800464,1.098433,1.011272,1.017573,1.043443,0.828806,0.9763709,1
ico-tri,16,5120,1.298932,0.08644401,0.9280986,1.205537,0.9280986,1.201434,1.109495,1.174956,1.66784,1.626679,1.396741,1.552248,1.479779,2.182492,2.282503,0.4150285,0.4564293,1
ico-tri,64,81920,1.300494,0.08644465,0.9277266,1.206503,0.9285469,1.201117,1.109459,1.175532,1.669176,1.627162,1.396741,1.553353,1.480178,2.183654,2.284788,0.4144382,0.456182,1
ico-tri,256,1310720,1.300591,0.08644465,0.9277033,1.206563,0.9285369,1.20116,1.109455,1.175568,1.66926,1.627193,1.396741,1.553422,1.480201,2.183721,2.284931,0.4144013,0.4561678,1
