backend,scenario,cpuFrameWorkMsMedian,cpuFrameWorkMsP95,cpuFrameWorkMsP99,cpuFrameWorkMsMax,frameIntervalMsMedian,frameIntervalMsP95,frameIntervalMsP99,frameIntervalMsMax,framesOver20Ms,frames,gpuMs
webgl1,no uploads,0.19,0.245,0.27,0.28,16.665,16.8,17.035,17.43,0,240,
webgl1,one decoded tile uploaded per frame,0.275,0.35,0.375,0.695,16.67,16.77,17.03,17.095,0,240,
webgl1,four decoded tiles uploaded per frame,0.41,0.555,0.63,0.655,16.67,16.89,17.09,18.04,0,240,
webgl1,one residual tile decoded in JavaScript and uploaded per frame,2.93,3.395,3.595,7.315,16.665,16.785,16.85,17.055,0,240,
webgl1,one JPEG tile decoded by the browser and uploaded per frame,2.25,3.155,3.595,4.29,16.66,16.8,16.84,17.36,0,240,
webgl1,"the whole 2056 × 1542 atlas uploaded at once, every 60th frame",0.195,0.26,1.275,2.865,16.665,17.455,18.04,18.24,0,240,
webgl1,"a new 6144 × 3072 texture filled at once, twice",0.1950001,0.27,0.345,17.145,16.66,17.755,18.13,18.565,0,240,
webgl2,no uploads,0.175,0.235,0.2600001,0.27,16.66,18.18,18.59,18.64,0,240,0.5220619
webgl2,one decoded tile uploaded per frame,0.265,0.35,0.38,0.71,16.67,18.08,18.55,18.605,0,240,0.5464049
webgl2,four decoded tiles uploaded per frame,0.41,0.56,0.605,0.63,16.665,17.9,18.455,18.52,0,240,0.5825894
webgl2,one residual tile decoded in JavaScript and uploaded per frame,2.935,3.38,3.52,8.65,16.665,18.085,18.555,18.72,0,240,0.5357802
webgl2,one JPEG tile decoded by the browser and uploaded per frame,2.25,3.18,3.545,3.865,16.665,18.155,18.505,18.66,0,240,0.5486795
webgl2,"the whole 2056 × 1542 atlas uploaded at once, every 60th frame",0.185,0.26,1.78,2.82,16.67,18.19,18.685,18.715,0,240,0.5385714
webgl2,"a new 6144 × 3072 texture filled at once, twice",0.19,0.28,0.335,16.825,16.66,18.19,18.495,18.64,0,240,0.6689214
webgpu,no uploads,0.315,0.415,0.47,0.495,16.66,18.195,18.51,18.665,0,240,0.5408524
webgpu,one decoded tile uploaded per frame,0.465,0.6,0.68,1.005,16.66,18.255,18.55,18.655,0,240,0.5344549
webgpu,four decoded tiles uploaded per frame,0.78,0.955,1.09,1.235,16.625,18.505,18.655,18.69,0,240,0.5123544
webgpu,one residual tile decoded in JavaScript and uploaded per frame,3.285,3.755,3.925,8.46,16.67,18.265,18.56,18.66,0,240,0.5160206
webgpu,one JPEG tile decoded by the browser and uploaded per frame,2.36,3.005,3.715,4.395,16.665,18.24,18.54,18.63,0,240,0.4924675
webgpu,"the whole 2056 × 1542 atlas uploaded at once, every 60th frame",0.34,0.465,1.945,3.195,16.665,18.2,18.64,18.655,0,240,0.5351296
webgpu,"a new 6144 × 3072 texture filled at once, twice",0.35,0.49,0.645,17.89,16.66,18.06,18.575,18.64,0,240,0.5621836
