panorama,projection,tile,stored,level,faceSize,tiles,replacementBytes,residualBytes,replacementBytesWithoutGutter,largestTileBytes,clippedShare,manifestBytes,tileListBytes
bookstore,cube,192,194,0,192,6,37151,,35357,8485,1.40584e-7,4999,5086
bookstore,cube,192,194,1,384,24,122674,103805,114469,7830,1.40584e-7,4999,5086
bookstore,cube,192,194,2,768,96,368972,311246,343877,8195,1.40584e-7,4999,5086
bookstore,cube,192,194,3,1536,384,1064100,851764,990439,7903,1.40584e-7,4999,5086
bookstore,cube,192,,bootstrap,24,1,1436,,,,,,
bookstore,cube,192,,bootstrap,48,1,3784,,,,,,
bookstore,cube,192,,bootstrap,96,1,11193,,,,,,
bookstore,cube,192,,bootstrap,192,1,35627,,,,,,
bookstore,cube,384,386,0,384,6,111583,,108477,25394,1.86433e-8,4782,1373
bookstore,cube,384,386,1,768,24,336162,273982,322850,21178,1.86433e-8,4782,1373
bookstore,cube,384,386,2,1536,96,940988,729410,904353,21217,1.86433e-8,4782,1373
bookstore,cube,384,,bootstrap,24,1,1436,,,,,,
bookstore,cube,384,,bootstrap,48,1,3784,,,,,,
bookstore,cube,384,,bootstrap,96,1,11193,,,,,,
bookstore,cube,384,,bootstrap,192,1,35627,,,,,,
bookstore,cube,96,98,0,96,6,13054,,11957,2853,1.53122e-7,5218,17977
bookstore,cube,96,98,1,192,24,46143,39662,41187,2725,1.53122e-7,5218,17977
bookstore,cube,96,98,2,384,96,152805,134040,136706,3167,1.53122e-7,5218,17977
bookstore,cube,96,98,3,768,384,483851,422997,433138,3180,1.53122e-7,5218,17977
bookstore,cube,96,98,4,1536,1536,1489747,1260138,1340095,2865,1.53122e-7,5218,17977
bookstore,cube,96,,bootstrap,24,1,1436,,,,,,
bookstore,cube,96,,bootstrap,48,1,3784,,,,,,
bookstore,cube,96,,bootstrap,96,1,11193,,,,,,
bookstore,cube,96,,bootstrap,192,1,35627,,,,,,
bookstore,eac,192,194,0,192,6,38857,,36950,9195,5.27189e-8,5013,5100
bookstore,eac,192,194,1,384,24,128050,108294,119886,8241,5.27189e-8,5013,5100
bookstore,eac,192,194,2,768,96,384846,322674,360016,8489,5.27189e-8,5013,5100
bookstore,eac,192,194,3,1536,384,1106925,878169,1040375,7582,5.27189e-8,5013,5100
bookstore,eac,192,,bootstrap,24,1,1503,,,,,,
bookstore,eac,192,,bootstrap,48,1,3952,,,,,,
bookstore,eac,192,,bootstrap,96,1,11751,,,,,,
bookstore,eac,192,,bootstrap,192,1,37347,,,,,,
bookstore,eac,384,386,0,384,6,116723,,113964,27527,0,4776,1382
bookstore,eac,384,386,1,768,24,351561,285108,339180,22554,0,4776,1382
bookstore,eac,384,386,2,1536,96,982178,755170,953533,21829,0,4776,1382
bookstore,eac,384,,bootstrap,24,1,1503,,,,,,
bookstore,eac,384,,bootstrap,48,1,3952,,,,,,
bookstore,eac,384,,bootstrap,96,1,11751,,,,,,
bookstore,eac,384,,bootstrap,192,1,37347,,,,,,
bookstore,eac,96,98,0,96,6,13700,,12500,3100,1.02082e-7,5233,18114
bookstore,eac,96,98,1,192,24,47985,41269,42824,2893,1.02082e-7,5233,18114
bookstore,eac,96,98,2,384,96,158503,138720,142078,3301,1.02082e-7,5233,18114
bookstore,eac,96,98,3,768,384,500684,434612,449426,3093,1.02082e-7,5233,18114
bookstore,eac,96,98,4,1536,1536,1535607,1288830,1391050,2563,1.02082e-7,5233,18114
bookstore,eac,96,,bootstrap,24,1,1503,,,,,,
bookstore,eac,96,,bootstrap,48,1,3952,,,,,,
bookstore,eac,96,,bootstrap,96,1,11751,,,,,,
bookstore,eac,96,,bootstrap,192,1,37347,,,,,,
northrop-mall,cube,192,194,0,192,6,68269,,63357,15419,0.00000166943,5012,5550
northrop-mall,cube,192,194,1,384,24,278085,238263,258944,18054,0.00000166943,5012,5550
northrop-mall,cube,192,194,2,768,96,1035421,875484,967535,18745,0.00000166943,5012,5550
northrop-mall,cube,192,194,3,1536,384,3323968,2663562,3106634,16589,0.00000166943,5012,5550
northrop-mall,cube,192,,bootstrap,24,1,1803,,,,,,
northrop-mall,cube,192,,bootstrap,48,1,5196,,,,,,
northrop-mall,cube,192,,bootstrap,96,1,17594,,,,,,
northrop-mall,cube,192,,bootstrap,192,1,65594,,,,,,
northrop-mall,cube,384,386,0,384,6,262808,,253080,66704,7.08446e-7,4788,1469
northrop-mall,cube,384,386,1,768,24,982194,824149,947403,68461,7.08446e-7,4788,1469
northrop-mall,cube,384,386,2,1536,96,3130521,2486925,3018943,60004,7.08446e-7,4788,1469
northrop-mall,cube,384,,bootstrap,24,1,1803,,,,,,
northrop-mall,cube,384,,bootstrap,48,1,5196,,,,,,
northrop-mall,cube,384,,bootstrap,96,1,17594,,,,,,
northrop-mall,cube,384,,bootstrap,192,1,65594,,,,,,
northrop-mall,cube,96,98,0,96,6,19729,,17343,4179,0.00000190552,5229,19409
northrop-mall,cube,96,98,1,192,24,79215,67955,69312,5125,0.00000190552,5229,19409
northrop-mall,cube,96,98,2,384,96,318592,277293,281423,5354,0.00000190552,5229,19409
northrop-mall,cube,96,98,3,768,384,1193043,1025003,1059147,5468,0.00000190552,5229,19409
northrop-mall,cube,96,98,4,1536,1536,3911796,3202598,3472537,4952,0.00000190552,5229,19409
northrop-mall,cube,96,,bootstrap,24,1,1803,,,,,,
northrop-mall,cube,96,,bootstrap,48,1,5196,,,,,,
northrop-mall,cube,96,,bootstrap,96,1,17594,,,,,,
northrop-mall,cube,96,,bootstrap,192,1,65594,,,,,,
northrop-mall,eac,192,194,0,192,6,68839,,64453,15536,0.0000017573,5027,5559
northrop-mall,eac,192,194,1,384,24,278956,238275,259665,18259,0.0000017573,5027,5559
northrop-mall,eac,192,194,2,768,96,1032090,872540,966749,18790,0.0000017573,5027,5559
northrop-mall,eac,192,194,3,1536,384,3317683,2667304,3129057,15815,0.0000017573,5027,5559
northrop-mall,eac,192,,bootstrap,24,1,1836,,,,,,
northrop-mall,eac,192,,bootstrap,48,1,5231,,,,,,
northrop-mall,eac,192,,bootstrap,96,1,17722,,,,,,
northrop-mall,eac,192,,bootstrap,192,1,66157,,,,,,
northrop-mall,eac,384,386,0,384,6,263687,,253740,67433,7.83019e-7,4802,1468
northrop-mall,eac,384,386,1,768,24,979903,822334,946460,69669,7.83019e-7,4802,1468
northrop-mall,eac,384,386,2,1536,96,3129133,2493822,3042174,57734,7.83019e-7,4802,1468
northrop-mall,eac,384,,bootstrap,24,1,1836,,,,,,
northrop-mall,eac,384,,bootstrap,48,1,5231,,,,,,
northrop-mall,eac,384,,bootstrap,96,1,17722,,,,,,
northrop-mall,eac,384,,bootstrap,192,1,66157,,,,,,
northrop-mall,eac,96,98,0,96,6,19926,,17571,4339,0.00000216073,5243,19458
northrop-mall,eac,96,98,1,192,24,79873,68613,70353,5226,0.00000216073,5243,19458
northrop-mall,eac,96,98,2,384,96,318993,277132,282155,5519,0.00000216073,5243,19458
northrop-mall,eac,96,98,3,768,384,1188271,1020525,1058108,5431,0.00000216073,5243,19458
northrop-mall,eac,96,98,4,1536,1536,3906889,3206960,3496597,4665,0.00000216073,5243,19458
northrop-mall,eac,96,,bootstrap,24,1,1836,,,,,,
northrop-mall,eac,96,,bootstrap,48,1,5231,,,,,,
northrop-mall,eac,96,,bootstrap,96,1,17722,,,,,,
northrop-mall,eac,96,,bootstrap,192,1,66157,,,,,,
pattern,cube,192,194,0,192,6,224195,,220550,39423,0.00000133554,5013,5778
pattern,cube,192,194,1,384,24,644234,579348,630002,31360,0.00000133554,5013,5778
pattern,cube,192,194,2,768,96,1616814,1612607,1562332,29377,0.00000133554,5013,5778
pattern,cube,192,194,3,1536,384,3832902,4458339,3657225,41458,0.00000133554,5013,5778
pattern,cube,192,,bootstrap,24,1,6044,,,,,,
pattern,cube,192,,bootstrap,48,1,21036,,,,,,
pattern,cube,192,,bootstrap,96,1,74139,,,,,,
pattern,cube,192,,bootstrap,192,1,219878,,,,,,
pattern,eac,192,194,0,192,6,225082,,221472,39876,5.44762e-7,5023,5768
pattern,eac,192,194,1,384,24,651581,577838,636992,31748,5.44762e-7,5023,5768
pattern,eac,192,194,2,768,96,1579140,1579227,1521897,27957,5.44762e-7,5023,5768
pattern,eac,192,194,3,1536,384,3761265,4403263,3606739,42092,5.44762e-7,5023,5768
pattern,eac,192,,bootstrap,24,1,6140,,,,,,
pattern,eac,192,,bootstrap,48,1,20959,,,,,,
pattern,eac,192,,bootstrap,96,1,76133,,,,,,
pattern,eac,192,,bootstrap,192,1,217027,,,,,,
superblock,cube,192,194,0,192,6,75469,,71043,15282,0.00000488528,5011,5464
superblock,cube,192,194,1,384,24,311563,266060,291968,18593,0.00000488528,5011,5464
superblock,cube,192,194,2,768,96,1130898,936291,1059044,17087,0.00000488528,5011,5464
superblock,cube,192,194,3,1536,384,3502206,2676170,3271318,15558,0.00000488528,5011,5464
superblock,cube,192,,bootstrap,24,1,1878,,,,,,
superblock,cube,192,,bootstrap,48,1,5341,,,,,,
superblock,cube,192,,bootstrap,96,1,18626,,,,,,
superblock,cube,192,,bootstrap,192,1,72466,,,,,,
superblock,cube,384,386,0,384,6,295031,,286109,59278,0.00000231177,4791,1505
superblock,cube,384,386,1,768,24,1072810,882586,1036783,63184,0.00000231177,4791,1505
superblock,cube,384,386,2,1536,96,3297085,2497941,3181481,54810,0.00000231177,4791,1505
superblock,cube,384,,bootstrap,24,1,1878,,,,,,
superblock,cube,384,,bootstrap,48,1,5341,,,,,,
superblock,cube,384,,bootstrap,96,1,18626,,,,,,
superblock,cube,384,,bootstrap,192,1,72466,,,,,,
superblock,cube,96,98,0,96,6,21010,,18852,4085,0.00000547838,5225,20127
superblock,cube,96,98,1,192,24,86895,74886,77040,5047,0.00000547838,5225,20127
superblock,cube,96,98,2,384,96,355143,307558,315270,5342,0.00000547838,5225,20127
superblock,cube,96,98,3,768,384,1299250,1092861,1152418,5036,0.00000547838,5225,20127
superblock,cube,96,98,4,1536,1536,4108882,3220396,3640858,4446,0.00000547838,5225,20127
superblock,cube,96,,bootstrap,24,1,1878,,,,,,
superblock,cube,96,,bootstrap,48,1,5341,,,,,,
superblock,cube,96,,bootstrap,96,1,18626,,,,,,
superblock,cube,96,,bootstrap,192,1,72466,,,,,,
superblock,eac,192,194,0,192,6,77604,,73014,15895,0.00000541247,5024,5467
superblock,eac,192,194,1,384,24,319350,272079,298581,18620,0.00000541247,5024,5467
superblock,eac,192,194,2,768,96,1153550,952790,1079536,17441,0.00000541247,5024,5467
superblock,eac,192,194,3,1536,384,3567022,2728514,3357720,14315,0.00000541247,5024,5467
superblock,eac,192,,bootstrap,24,1,1899,,,,,,
superblock,eac,192,,bootstrap,48,1,5513,,,,,,
superblock,eac,192,,bootstrap,96,1,19114,,,,,,
superblock,eac,192,,bootstrap,192,1,74413,,,,,,
superblock,eac,384,386,0,384,6,302383,,292609,61650,0.00000218127,4805,1508
superblock,eac,384,386,1,768,24,1094556,898310,1056991,63769,0.00000218127,4805,1508
superblock,eac,384,386,2,1536,96,3359368,2548149,3266481,51238,0.00000218127,4805,1508
superblock,eac,384,,bootstrap,24,1,1899,,,,,,
superblock,eac,384,,bootstrap,48,1,5513,,,,,,
superblock,eac,384,,bootstrap,96,1,19114,,,,,,
superblock,eac,384,,bootstrap,192,1,74413,,,,,,
superblock,eac,96,98,0,96,6,21620,,19443,4223,0.00000643114,5239,20196
superblock,eac,96,98,1,192,24,89264,76602,79022,5059,0.00000643114,5239,20196
superblock,eac,96,98,2,384,96,363333,313678,321818,5380,0.00000643114,5239,20196
superblock,eac,96,98,3,768,384,1323284,1110707,1173188,5055,0.00000643114,5239,20196
superblock,eac,96,98,4,1536,1536,4179008,3277277,3727876,4105,0.00000643114,5239,20196
superblock,eac,96,,bootstrap,24,1,1899,,,,,,
superblock,eac,96,,bootstrap,48,1,5513,,,,,,
superblock,eac,96,,bootstrap,96,1,19114,,,,,,
superblock,eac,96,,bootstrap,192,1,74413,,,,,,
