backend,path,dataset,table,camera,payload,readBackBottomUp,readBackBlueFirst,psnrAgainstCpu,largestDifferenceFromCpu,shareOfValuesOver2FromCpu,blankPixels,psnrAgainstClosedForm,cpuPsnrAgainstClosedForm,psnrAgainstSource
webgl1,ray,pattern/eac-t192,finest level,face centre,replacement,true,false,62.952,37,0.000124832,0,32.6379,32.6477,
webgl1,ray,pattern/eac-t192,finest level,face edge,replacement,true,false,51.456,70,0.00194312,0,25.6208,25.6434,
webgl1,ray,pattern/eac-t192,finest level,cube corner,replacement,true,false,50.927,67,0.00178965,0,25.3841,25.4043,
webgl1,ray,pattern/eac-t192,finest level,zenith,replacement,true,false,60.9251,47,0.000189689,0,34.0002,34.0166,
webgl1,ray,pattern/eac-t192,finest level,"rolled, off axis",replacement,true,false,56.3205,60,0.000653957,0,31.7712,31.7941,
webgl1,ray,pattern/eac-t192,finest beside the level below,face centre,replacement,true,false,54.5407,44,0.00110988,0,,,
webgl1,ray,pattern/eac-t192,finest beside the level below,face edge,replacement,true,false,49.0614,84,0.00304812,0,,,
webgl1,ray,pattern/eac-t192,finest beside the level below,cube corner,replacement,true,false,48.3038,89,0.00304157,0,,,
webgl1,ray,pattern/eac-t192,finest beside the level below,zenith,replacement,true,false,50.6347,51,0.00184988,0,,,
webgl1,ray,pattern/eac-t192,finest beside the level below,"rolled, off axis",replacement,true,false,49.7475,77,0.00224274,0,,,
webgl1,ray,pattern/eac-t192,finest beside the bootstrap,face centre,replacement,true,false,49.6127,69,0.00332527,0,,,
webgl1,ray,pattern/eac-t192,finest beside the bootstrap,face edge,replacement,true,false,45.8875,117,0.00499329,0,,,
webgl1,ray,pattern/eac-t192,finest beside the bootstrap,cube corner,replacement,true,false,46.2148,119,0.00528097,0,,,
webgl1,ray,pattern/eac-t192,finest beside the bootstrap,zenith,replacement,true,false,48.0067,69,0.00481221,0,,,
webgl1,ray,pattern/eac-t192,finest beside the bootstrap,"rolled, off axis",replacement,true,false,47.251,95,0.00540632,0,,,
webgl1,ray,pattern/eac-t192,bootstrap only,face centre,replacement,true,false,61.6256,1,0,0,,,
webgl1,ray,pattern/eac-t192,bootstrap only,face edge,replacement,true,false,56.237,27,0.000822327,0,,,
webgl1,ray,pattern/eac-t192,bootstrap only,cube corner,replacement,true,false,55.5188,43,0.000762351,0,,,
webgl1,ray,pattern/eac-t192,bootstrap only,zenith,replacement,true,false,61.6152,1,0,0,,,
webgl1,ray,pattern/eac-t192,bootstrap only,"rolled, off axis",replacement,true,false,58.5722,26,0.000381946,0,,,
webgl1,ray,pattern/cube-t192,finest level,face centre,replacement,true,false,60.199,40,0.000283056,0,,,
webgl1,ray,pattern/cube-t192,finest level,face edge,replacement,true,false,52.5042,54,0.00188571,0,,,
webgl1,ray,pattern/cube-t192,finest level,cube corner,replacement,true,false,52.5199,68,0.00168729,0,,,
webgl1,ray,pattern/cube-t192,finest level,zenith,replacement,true,false,59.5888,44,0.000408145,0,,,
webgl1,ray,pattern/cube-t192,finest beside the level below,face centre,replacement,true,false,53.4552,57,0.00130342,0,,,
webgl1,ray,pattern/cube-t192,finest beside the level below,face edge,replacement,true,false,47.9025,86,0.00361885,0,,,
webgl1,ray,pattern/cube-t192,finest beside the level below,cube corner,replacement,true,false,48.3251,101,0.00305659,0,,,
webgl1,ray,pattern/cube-t192,finest beside the level below,zenith,replacement,true,false,50.9904,62,0.00183845,0,,,
webgl1,ray,pattern/cube-t192,finest beside the bootstrap,face centre,replacement,true,false,50.0757,54,0.00325437,0,,,
webgl1,ray,pattern/cube-t192,finest beside the bootstrap,face edge,replacement,true,false,45.2966,121,0.00585787,0,,,
webgl1,ray,pattern/cube-t192,finest beside the bootstrap,cube corner,replacement,true,false,46.0426,120,0.00528855,0,,,
webgl1,ray,pattern/cube-t192,finest beside the bootstrap,zenith,replacement,true,false,48.8711,59,0.00401377,0,,,
webgl1,ray,northrop-mall/eac-t192,finest level,face centre,replacement,true,false,53.1362,61,0.00261763,0,,,31.4943
webgl1,ray,northrop-mall/eac-t192,finest level,face edge,replacement,true,false,51.8873,52,0.00338999,0,,,33.4029
webgl1,ray,northrop-mall/eac-t192,finest level,cube corner,replacement,true,false,53.0313,59,0.00175279,0,,,35.313
webgl1,ray,northrop-mall/eac-t192,finest level,zenith,replacement,true,false,65.5583,9,0.00000231171,0,,,46.8288
webgl1,ray,northrop-mall/eac-t192,finest beside the level below,face centre,replacement,true,false,49.6819,70,0.00360473,0,,,
webgl1,ray,northrop-mall/eac-t192,finest beside the level below,face edge,replacement,true,false,49.1562,74,0.0044634,0,,,
webgl1,ray,northrop-mall/eac-t192,finest beside the level below,cube corner,replacement,true,false,51.1506,70,0.0026175,0,,,
webgl1,ray,northrop-mall/eac-t192,finest beside the level below,zenith,replacement,true,false,62.6839,37,0.000632895,0,,,
webgl1,ray,northrop-mall/eac-t192,finest beside the bootstrap,face centre,replacement,true,false,48.8134,60,0.0038106,0,,,
webgl1,ray,northrop-mall/eac-t192,finest beside the bootstrap,face edge,replacement,true,false,47.3072,135,0.00536394,0,,,
webgl1,ray,northrop-mall/eac-t192,finest beside the bootstrap,cube corner,replacement,true,false,49.1594,134,0.00337407,0,,,
webgl1,ray,northrop-mall/eac-t192,finest beside the bootstrap,zenith,replacement,true,false,55.3742,52,0.000926611,0,,,
webgl1,ray,northrop-mall/eac-t192,finest level,face edge,residual,true,false,51.8947,52,0.00337612,0,,,33.4257
webgl1,ray,northrop-mall/eac-t192,finest level,cube corner,residual,true,false,53.0227,59,0.0017447,0,,,35.324
webgl1,mesh,pattern/eac-t192,finest level,face centre,replacement,true,false,47.9793,42,0.0150343,0,32.5062,32.6477,
webgl1,mesh,pattern/eac-t192,finest level,face edge,replacement,true,false,38.5115,70,0.0714082,0,25.3762,25.6434,
webgl1,mesh,pattern/eac-t192,finest level,cube corner,replacement,true,false,37.9986,68,0.076075,0,25.1306,25.4043,
webgl1,mesh,pattern/eac-t192,finest level,zenith,replacement,true,false,47.5981,47,0.0161971,0,33.8231,34.0166,
webgl1,mesh,pattern/eac-t192,finest level,"rolled, off axis",replacement,true,false,45.6036,59,0.0205263,0,31.5771,31.7941,
webgl1,mesh,pattern/eac-t192,finest beside the level below,face centre,replacement,true,false,47.5981,44,0.016778,0,,,
webgl1,mesh,pattern/eac-t192,finest beside the level below,face edge,replacement,true,false,39.7722,83,0.0721132,0,,,
webgl1,mesh,pattern/eac-t192,finest beside the level below,cube corner,replacement,true,false,39.2324,89,0.0775625,0,,,
webgl1,mesh,pattern/eac-t192,finest beside the level below,zenith,replacement,true,false,46.6501,51,0.0179712,0,,,
webgl1,mesh,pattern/eac-t192,finest beside the level below,"rolled, off axis",replacement,true,false,45.3212,77,0.0228861,0,,,
webgl1,mesh,pattern/eac-t192,finest beside the bootstrap,face centre,replacement,true,false,44.8711,125,0.0112867,0,,,
webgl1,mesh,pattern/eac-t192,finest beside the bootstrap,face edge,replacement,true,false,40.6419,137,0.0369956,0,,,
webgl1,mesh,pattern/eac-t192,finest beside the bootstrap,cube corner,replacement,true,false,40.6322,121,0.037783,0,,,
webgl1,mesh,pattern/eac-t192,finest beside the bootstrap,zenith,replacement,true,false,46.1473,92,0.0125408,0,,,
webgl1,mesh,pattern/eac-t192,finest beside the bootstrap,"rolled, off axis",replacement,true,false,45.4629,119,0.0149493,0,,,
webgl1,mesh,pattern/eac-t192,bootstrap only,face centre,replacement,true,false,59.0569,2,0,0,,,
webgl1,mesh,pattern/eac-t192,bootstrap only,face edge,replacement,true,false,56.9887,9,0.0000907988,0,,,
webgl1,mesh,pattern/eac-t192,bootstrap only,cube corner,replacement,true,false,56.9867,6,0.0000366021,0,,,
webgl1,mesh,pattern/eac-t192,bootstrap only,zenith,replacement,true,false,59.0055,2,0,0,,,
webgl1,mesh,pattern/eac-t192,bootstrap only,"rolled, off axis",replacement,true,false,57.9728,3,1.28428e-7,0,,,
webgl1,mesh,pattern/cube-t192,finest level,face centre,replacement,true,false,42.2117,51,0.0347576,0,,,
webgl1,mesh,pattern/cube-t192,finest level,face edge,replacement,true,false,35.7833,76,0.10962,0,,,
webgl1,mesh,pattern/cube-t192,finest level,cube corner,replacement,true,false,35.9976,69,0.11144,0,,,
webgl1,mesh,pattern/cube-t192,finest level,zenith,replacement,true,false,43.3114,43,0.0323336,0,,,
webgl1,mesh,pattern/cube-t192,finest beside the level below,face centre,replacement,true,false,42.8647,58,0.0400481,0,,,
webgl1,mesh,pattern/cube-t192,finest beside the level below,face edge,replacement,true,false,36.7328,85,0.114006,0,,,
webgl1,mesh,pattern/cube-t192,finest beside the level below,cube corner,replacement,true,false,37.0112,83,0.115698,0,,,
webgl1,mesh,pattern/cube-t192,finest beside the level below,zenith,replacement,true,false,43.6636,62,0.0371954,0,,,
webgl1,mesh,pattern/cube-t192,finest beside the bootstrap,face centre,replacement,true,false,42.817,125,0.0212761,0,,,
webgl1,mesh,pattern/cube-t192,finest beside the bootstrap,face edge,replacement,true,false,37.6899,133,0.0594582,0,,,
webgl1,mesh,pattern/cube-t192,finest beside the bootstrap,cube corner,replacement,true,false,38.1898,121,0.0592324,0,,,
webgl1,mesh,pattern/cube-t192,finest beside the bootstrap,zenith,replacement,true,false,44.6418,107,0.0199953,0,,,
webgl1,mesh,northrop-mall/eac-t192,finest level,face centre,replacement,true,false,40.4557,61,0.133729,0,,,30.9597
webgl1,mesh,northrop-mall/eac-t192,finest level,face edge,replacement,true,false,39.5574,51,0.14758,0,,,32.4898
webgl1,mesh,northrop-mall/eac-t192,finest level,cube corner,replacement,true,false,42.123,64,0.0759538,0,,,34.5297
webgl1,mesh,northrop-mall/eac-t192,finest level,zenith,replacement,true,false,60.2539,20,0.000325823,0,,,46.7633
webgl1,mesh,northrop-mall/eac-t192,finest beside the level below,face centre,replacement,true,false,41.2114,94,0.111179,0,,,
webgl1,mesh,northrop-mall/eac-t192,finest beside the level below,face edge,replacement,true,false,40.524,74,0.127631,0,,,
webgl1,mesh,northrop-mall/eac-t192,finest beside the level below,cube corner,replacement,true,false,42.7991,70,0.0687956,0,,,
webgl1,mesh,northrop-mall/eac-t192,finest beside the level below,zenith,replacement,true,false,59.9134,37,0.000928537,0,,,
webgl1,mesh,northrop-mall/eac-t192,finest beside the bootstrap,face centre,replacement,true,false,41.7207,149,0.0708582,0,,,
webgl1,mesh,northrop-mall/eac-t192,finest beside the bootstrap,face edge,replacement,true,false,40.8636,135,0.0780943,0,,,
webgl1,mesh,northrop-mall/eac-t192,finest beside the bootstrap,cube corner,replacement,true,false,42.8912,171,0.0418309,0,,,
webgl1,mesh,northrop-mall/eac-t192,finest beside the bootstrap,zenith,replacement,true,false,54.7873,52,0.00118783,0,,,
webgl1,mesh,northrop-mall/eac-t192,finest level,face edge,residual,true,false,39.5497,49,0.147712,0,,,32.5103
webgl1,mesh,northrop-mall/eac-t192,finest level,cube corner,residual,true,false,42.1042,66,0.075904,0,,,34.5413
webgl2,ray,pattern/eac-t192,finest level,face centre,replacement,true,false,62.952,37,0.000124832,0,32.6379,32.6477,
webgl2,ray,pattern/eac-t192,finest level,face edge,replacement,true,false,51.456,70,0.00194312,0,25.6208,25.6434,
webgl2,ray,pattern/eac-t192,finest level,cube corner,replacement,true,false,50.927,67,0.00178965,0,25.3841,25.4043,
webgl2,ray,pattern/eac-t192,finest level,zenith,replacement,true,false,60.9251,47,0.000189689,0,34.0002,34.0166,
webgl2,ray,pattern/eac-t192,finest level,"rolled, off axis",replacement,true,false,56.3205,60,0.000653957,0,31.7712,31.7941,
webgl2,ray,pattern/eac-t192,finest beside the level below,face centre,replacement,true,false,54.5407,44,0.00110988,0,,,
webgl2,ray,pattern/eac-t192,finest beside the level below,face edge,replacement,true,false,49.0614,84,0.00304812,0,,,
webgl2,ray,pattern/eac-t192,finest beside the level below,cube corner,replacement,true,false,48.3038,89,0.00304157,0,,,
webgl2,ray,pattern/eac-t192,finest beside the level below,zenith,replacement,true,false,50.6347,51,0.00184988,0,,,
webgl2,ray,pattern/eac-t192,finest beside the level below,"rolled, off axis",replacement,true,false,49.7475,77,0.00224274,0,,,
webgl2,ray,pattern/eac-t192,finest beside the bootstrap,face centre,replacement,true,false,49.6127,69,0.00332527,0,,,
webgl2,ray,pattern/eac-t192,finest beside the bootstrap,face edge,replacement,true,false,45.8875,117,0.00499329,0,,,
webgl2,ray,pattern/eac-t192,finest beside the bootstrap,cube corner,replacement,true,false,46.2148,119,0.00528097,0,,,
webgl2,ray,pattern/eac-t192,finest beside the bootstrap,zenith,replacement,true,false,48.0067,69,0.00481221,0,,,
webgl2,ray,pattern/eac-t192,finest beside the bootstrap,"rolled, off axis",replacement,true,false,47.251,95,0.00540632,0,,,
webgl2,ray,pattern/eac-t192,bootstrap only,face centre,replacement,true,false,61.6256,1,0,0,,,
webgl2,ray,pattern/eac-t192,bootstrap only,face edge,replacement,true,false,56.237,27,0.000822327,0,,,
webgl2,ray,pattern/eac-t192,bootstrap only,cube corner,replacement,true,false,55.5188,43,0.000762351,0,,,
webgl2,ray,pattern/eac-t192,bootstrap only,zenith,replacement,true,false,61.6152,1,0,0,,,
webgl2,ray,pattern/eac-t192,bootstrap only,"rolled, off axis",replacement,true,false,58.5722,26,0.000381946,0,,,
webgl2,ray,pattern/cube-t192,finest level,face centre,replacement,true,false,60.199,40,0.000283056,0,,,
webgl2,ray,pattern/cube-t192,finest level,face edge,replacement,true,false,52.5042,54,0.00188571,0,,,
webgl2,ray,pattern/cube-t192,finest level,cube corner,replacement,true,false,52.5199,68,0.00168729,0,,,
webgl2,ray,pattern/cube-t192,finest level,zenith,replacement,true,false,59.5888,44,0.000408145,0,,,
webgl2,ray,pattern/cube-t192,finest beside the level below,face centre,replacement,true,false,53.4552,57,0.00130342,0,,,
webgl2,ray,pattern/cube-t192,finest beside the level below,face edge,replacement,true,false,47.9025,86,0.00361885,0,,,
webgl2,ray,pattern/cube-t192,finest beside the level below,cube corner,replacement,true,false,48.3251,101,0.00305659,0,,,
webgl2,ray,pattern/cube-t192,finest beside the level below,zenith,replacement,true,false,50.9904,62,0.00183845,0,,,
webgl2,ray,pattern/cube-t192,finest beside the bootstrap,face centre,replacement,true,false,50.0757,54,0.00325437,0,,,
webgl2,ray,pattern/cube-t192,finest beside the bootstrap,face edge,replacement,true,false,45.2966,121,0.00585787,0,,,
webgl2,ray,pattern/cube-t192,finest beside the bootstrap,cube corner,replacement,true,false,46.0426,120,0.00528855,0,,,
webgl2,ray,pattern/cube-t192,finest beside the bootstrap,zenith,replacement,true,false,48.8711,59,0.00401377,0,,,
webgl2,ray,northrop-mall/eac-t192,finest level,face centre,replacement,true,false,53.1362,61,0.00261763,0,,,31.4943
webgl2,ray,northrop-mall/eac-t192,finest level,face edge,replacement,true,false,51.8873,52,0.00338999,0,,,33.4029
webgl2,ray,northrop-mall/eac-t192,finest level,cube corner,replacement,true,false,53.0313,59,0.00175279,0,,,35.313
webgl2,ray,northrop-mall/eac-t192,finest level,zenith,replacement,true,false,65.5583,9,0.00000231171,0,,,46.8288
webgl2,ray,northrop-mall/eac-t192,finest beside the level below,face centre,replacement,true,false,49.6819,70,0.00360473,0,,,
webgl2,ray,northrop-mall/eac-t192,finest beside the level below,face edge,replacement,true,false,49.1562,74,0.0044634,0,,,
webgl2,ray,northrop-mall/eac-t192,finest beside the level below,cube corner,replacement,true,false,51.1506,70,0.0026175,0,,,
webgl2,ray,northrop-mall/eac-t192,finest beside the level below,zenith,replacement,true,false,62.6839,37,0.000632895,0,,,
webgl2,ray,northrop-mall/eac-t192,finest beside the bootstrap,face centre,replacement,true,false,48.8134,60,0.0038106,0,,,
webgl2,ray,northrop-mall/eac-t192,finest beside the bootstrap,face edge,replacement,true,false,47.3072,135,0.00536394,0,,,
webgl2,ray,northrop-mall/eac-t192,finest beside the bootstrap,cube corner,replacement,true,false,49.1594,134,0.00337407,0,,,
webgl2,ray,northrop-mall/eac-t192,finest beside the bootstrap,zenith,replacement,true,false,55.3742,52,0.000926611,0,,,
webgl2,ray,northrop-mall/eac-t192,finest level,face edge,residual,true,false,51.8947,52,0.00337612,0,,,33.4257
webgl2,ray,northrop-mall/eac-t192,finest level,cube corner,residual,true,false,53.0227,59,0.0017447,0,,,35.324
webgl2,mesh,pattern/eac-t192,finest level,face centre,replacement,true,false,47.9793,42,0.0150343,0,32.5062,32.6477,
webgl2,mesh,pattern/eac-t192,finest level,face edge,replacement,true,false,38.5115,70,0.0714082,0,25.3762,25.6434,
webgl2,mesh,pattern/eac-t192,finest level,cube corner,replacement,true,false,37.9986,68,0.076075,0,25.1306,25.4043,
webgl2,mesh,pattern/eac-t192,finest level,zenith,replacement,true,false,47.5981,47,0.0161971,0,33.8231,34.0166,
webgl2,mesh,pattern/eac-t192,finest level,"rolled, off axis",replacement,true,false,45.6036,59,0.0205263,0,31.5771,31.7941,
webgl2,mesh,pattern/eac-t192,finest beside the level below,face centre,replacement,true,false,47.5981,44,0.016778,0,,,
webgl2,mesh,pattern/eac-t192,finest beside the level below,face edge,replacement,true,false,39.7722,83,0.0721132,0,,,
webgl2,mesh,pattern/eac-t192,finest beside the level below,cube corner,replacement,true,false,39.2324,89,0.0775625,0,,,
webgl2,mesh,pattern/eac-t192,finest beside the level below,zenith,replacement,true,false,46.6501,51,0.0179712,0,,,
webgl2,mesh,pattern/eac-t192,finest beside the level below,"rolled, off axis",replacement,true,false,45.3212,77,0.0228861,0,,,
webgl2,mesh,pattern/eac-t192,finest beside the bootstrap,face centre,replacement,true,false,44.8711,125,0.0112867,0,,,
webgl2,mesh,pattern/eac-t192,finest beside the bootstrap,face edge,replacement,true,false,40.6419,137,0.0369956,0,,,
webgl2,mesh,pattern/eac-t192,finest beside the bootstrap,cube corner,replacement,true,false,40.6322,121,0.037783,0,,,
webgl2,mesh,pattern/eac-t192,finest beside the bootstrap,zenith,replacement,true,false,46.1473,92,0.0125408,0,,,
webgl2,mesh,pattern/eac-t192,finest beside the bootstrap,"rolled, off axis",replacement,true,false,45.4629,119,0.0149493,0,,,
webgl2,mesh,pattern/eac-t192,bootstrap only,face centre,replacement,true,false,59.0569,2,0,0,,,
webgl2,mesh,pattern/eac-t192,bootstrap only,face edge,replacement,true,false,56.9887,9,0.0000907988,0,,,
webgl2,mesh,pattern/eac-t192,bootstrap only,cube corner,replacement,true,false,56.9867,6,0.0000366021,0,,,
webgl2,mesh,pattern/eac-t192,bootstrap only,zenith,replacement,true,false,59.0055,2,0,0,,,
webgl2,mesh,pattern/eac-t192,bootstrap only,"rolled, off axis",replacement,true,false,57.9728,3,1.28428e-7,0,,,
webgl2,mesh,pattern/cube-t192,finest level,face centre,replacement,true,false,42.2117,51,0.0347576,0,,,
webgl2,mesh,pattern/cube-t192,finest level,face edge,replacement,true,false,35.7833,76,0.10962,0,,,
webgl2,mesh,pattern/cube-t192,finest level,cube corner,replacement,true,false,35.9976,69,0.11144,0,,,
webgl2,mesh,pattern/cube-t192,finest level,zenith,replacement,true,false,43.3114,43,0.0323336,0,,,
webgl2,mesh,pattern/cube-t192,finest beside the level below,face centre,replacement,true,false,42.8647,58,0.0400481,0,,,
webgl2,mesh,pattern/cube-t192,finest beside the level below,face edge,replacement,true,false,36.7328,85,0.114006,0,,,
webgl2,mesh,pattern/cube-t192,finest beside the level below,cube corner,replacement,true,false,37.0112,83,0.115698,0,,,
webgl2,mesh,pattern/cube-t192,finest beside the level below,zenith,replacement,true,false,43.6636,62,0.0371954,0,,,
webgl2,mesh,pattern/cube-t192,finest beside the bootstrap,face centre,replacement,true,false,42.817,125,0.0212761,0,,,
webgl2,mesh,pattern/cube-t192,finest beside the bootstrap,face edge,replacement,true,false,37.6899,133,0.0594582,0,,,
webgl2,mesh,pattern/cube-t192,finest beside the bootstrap,cube corner,replacement,true,false,38.1898,121,0.0592324,0,,,
webgl2,mesh,pattern/cube-t192,finest beside the bootstrap,zenith,replacement,true,false,44.6418,107,0.0199953,0,,,
webgl2,mesh,northrop-mall/eac-t192,finest level,face centre,replacement,true,false,40.4557,61,0.133729,0,,,30.9597
webgl2,mesh,northrop-mall/eac-t192,finest level,face edge,replacement,true,false,39.5574,51,0.14758,0,,,32.4898
webgl2,mesh,northrop-mall/eac-t192,finest level,cube corner,replacement,true,false,42.123,64,0.0759538,0,,,34.5297
webgl2,mesh,northrop-mall/eac-t192,finest level,zenith,replacement,true,false,60.2539,20,0.000325823,0,,,46.7633
webgl2,mesh,northrop-mall/eac-t192,finest beside the level below,face centre,replacement,true,false,41.2114,94,0.111179,0,,,
webgl2,mesh,northrop-mall/eac-t192,finest beside the level below,face edge,replacement,true,false,40.524,74,0.127631,0,,,
webgl2,mesh,northrop-mall/eac-t192,finest beside the level below,cube corner,replacement,true,false,42.7991,70,0.0687956,0,,,
webgl2,mesh,northrop-mall/eac-t192,finest beside the level below,zenith,replacement,true,false,59.9134,37,0.000928537,0,,,
webgl2,mesh,northrop-mall/eac-t192,finest beside the bootstrap,face centre,replacement,true,false,41.7207,149,0.0708582,0,,,
webgl2,mesh,northrop-mall/eac-t192,finest beside the bootstrap,face edge,replacement,true,false,40.8636,135,0.0780943,0,,,
webgl2,mesh,northrop-mall/eac-t192,finest beside the bootstrap,cube corner,replacement,true,false,42.8912,171,0.0418309,0,,,
webgl2,mesh,northrop-mall/eac-t192,finest beside the bootstrap,zenith,replacement,true,false,54.7873,52,0.00118783,0,,,
webgl2,mesh,northrop-mall/eac-t192,finest level,face edge,residual,true,false,39.5497,49,0.147712,0,,,32.5103
webgl2,mesh,northrop-mall/eac-t192,finest level,cube corner,residual,true,false,42.1042,66,0.075904,0,,,34.5413
webgpu,ray,pattern/eac-t192,finest level,face centre,replacement,false,true,68.3845,1,0,0,32.6434,32.6477,
webgpu,ray,pattern/eac-t192,finest level,face edge,replacement,false,true,65.3961,5,0.00000166957,0,25.6423,25.6434,
webgpu,ray,pattern/eac-t192,finest level,cube corner,replacement,false,true,65.2732,4,0.00000308228,0,25.4031,25.4043,
webgpu,ray,pattern/eac-t192,finest level,zenith,replacement,false,true,68.2564,1,0,0,34.0126,34.0166,
webgpu,ray,pattern/eac-t192,finest level,"rolled, off axis",replacement,false,true,68.2728,1,0,0,31.7913,31.7941,
webgpu,ray,pattern/eac-t192,finest beside the level below,face centre,replacement,false,true,66.9744,1,0,0,,,
webgpu,ray,pattern/eac-t192,finest beside the level below,face edge,replacement,false,true,62.8752,54,0.0000295385,0,,,
webgpu,ray,pattern/eac-t192,finest beside the level below,cube corner,replacement,false,true,61.2147,74,0.0000504723,0,,,
webgpu,ray,pattern/eac-t192,finest beside the level below,zenith,replacement,false,true,66.7575,6,3.85285e-7,0,,,
webgpu,ray,pattern/eac-t192,finest beside the level below,"rolled, off axis",replacement,false,true,66.7425,1,0,0,,,
webgpu,ray,pattern/eac-t192,finest beside the bootstrap,face centre,replacement,false,true,63.8105,1,0,0,,,
webgpu,ray,pattern/eac-t192,finest beside the bootstrap,face edge,replacement,false,true,55.012,117,0.0000864323,0,,,
webgpu,ray,pattern/eac-t192,finest beside the bootstrap,cube corner,replacement,false,true,56.7841,120,0.000080653,0,,,
webgpu,ray,pattern/eac-t192,finest beside the bootstrap,zenith,replacement,false,true,63.7681,43,7.7057e-7,0,,,
webgpu,ray,pattern/eac-t192,finest beside the bootstrap,"rolled, off axis",replacement,false,true,63.5933,64,3.85285e-7,0,,,
webgpu,ray,pattern/eac-t192,bootstrap only,face centre,replacement,false,true,61.6256,1,0,0,,,
webgpu,ray,pattern/eac-t192,bootstrap only,face edge,replacement,false,true,61.3915,6,0.00000834784,0,,,
webgpu,ray,pattern/eac-t192,bootstrap only,cube corner,replacement,false,true,61.3091,6,0.00000937527,0,,,
webgpu,ray,pattern/eac-t192,bootstrap only,zenith,replacement,false,true,61.6154,1,0,0,,,
webgpu,ray,pattern/eac-t192,bootstrap only,"rolled, off axis",replacement,false,true,61.5272,1,0,0,,,
webgpu,ray,pattern/cube-t192,finest level,face centre,replacement,false,true,68.0942,1,0,0,,,
webgpu,ray,pattern/cube-t192,finest level,face edge,replacement,false,true,65.6193,4,0.00000128428,0,,,
webgpu,ray,pattern/cube-t192,finest level,cube corner,replacement,false,true,65.3296,4,0.00000256857,0,,,
webgpu,ray,pattern/cube-t192,finest level,zenith,replacement,false,true,67.7998,1,0,0,,,
webgpu,ray,pattern/cube-t192,finest beside the level below,face centre,replacement,false,true,66.5587,1,0,0,,,
webgpu,ray,pattern/cube-t192,finest beside the level below,face edge,replacement,false,true,63.78,66,0.0000209338,0,,,
webgpu,ray,pattern/cube-t192,finest beside the level below,cube corner,replacement,false,true,62.4777,83,0.0000455921,0,,,
webgpu,ray,pattern/cube-t192,finest beside the level below,zenith,replacement,false,true,66.2941,1,0,0,,,
webgpu,ray,pattern/cube-t192,finest beside the bootstrap,face centre,replacement,false,true,63.6302,1,0,0,,,
webgpu,ray,pattern/cube-t192,finest beside the bootstrap,face edge,replacement,false,true,55.3583,119,0.0000821941,0,,,
webgpu,ray,pattern/cube-t192,finest beside the bootstrap,cube corner,replacement,false,true,56.1261,121,0.0000796256,0,,,
webgpu,ray,pattern/cube-t192,finest beside the bootstrap,zenith,replacement,false,true,63.4458,1,0,0,,,
webgpu,ray,northrop-mall/eac-t192,finest level,face centre,replacement,false,true,62.5104,1,0,0,,,31.5368
webgpu,ray,northrop-mall/eac-t192,finest level,face edge,replacement,false,true,62.7851,23,0.0000470048,0,,,33.4865
webgpu,ray,northrop-mall/eac-t192,finest level,cube corner,replacement,false,true,63.8107,19,0.0000317218,0,,,35.4056
webgpu,ray,northrop-mall/eac-t192,finest level,zenith,replacement,false,true,65.8832,1,0,0,,,46.8277
webgpu,ray,northrop-mall/eac-t192,finest beside the level below,face centre,replacement,false,true,62.244,1,0,0,,,
webgpu,ray,northrop-mall/eac-t192,finest beside the level below,face edge,replacement,false,true,61.9143,40,0.0000642142,0,,,
webgpu,ray,northrop-mall/eac-t192,finest beside the level below,cube corner,replacement,false,true,62.904,40,0.0000606182,0,,,
webgpu,ray,northrop-mall/eac-t192,finest beside the level below,zenith,replacement,false,true,66.5288,1,0,0,,,
webgpu,ray,northrop-mall/eac-t192,finest beside the bootstrap,face centre,replacement,false,true,62.1966,1,0,0,,,
webgpu,ray,northrop-mall/eac-t192,finest beside the bootstrap,face edge,replacement,false,true,55.7154,133,0.00009234,0,,,
webgpu,ray,northrop-mall/eac-t192,finest beside the bootstrap,cube corner,replacement,false,true,54.7054,119,0.000086047,0,,,
webgpu,ray,northrop-mall/eac-t192,finest beside the bootstrap,zenith,replacement,false,true,64.3493,10,2.56857e-7,0,,,
webgpu,ray,northrop-mall/eac-t192,finest level,face edge,residual,false,true,62.7014,21,0.0000499586,0,,,33.5096
webgpu,ray,northrop-mall/eac-t192,finest level,cube corner,residual,false,true,63.369,19,0.0000366021,0,,,35.416
webgpu,mesh,pattern/eac-t192,finest level,face centre,replacement,false,true,48.0787,42,0.0149131,0,32.5115,32.6477,
webgpu,mesh,pattern/eac-t192,finest level,face edge,replacement,false,true,38.6399,67,0.0703772,0,25.3907,25.6434,
webgpu,mesh,pattern/eac-t192,finest level,cube corner,replacement,false,true,38.0828,68,0.0753173,0,25.1392,25.4043,
webgpu,mesh,pattern/eac-t192,finest level,zenith,replacement,false,true,47.765,44,0.0160148,0,33.835,34.0166,
webgpu,mesh,pattern/eac-t192,finest level,"rolled, off axis",replacement,false,true,45.763,59,0.0202309,0,31.5886,31.7941,
webgpu,mesh,pattern/eac-t192,finest beside the level below,face centre,replacement,false,true,48.9629,40,0.0154416,0,,,
webgpu,mesh,pattern/eac-t192,finest beside the level below,face edge,replacement,false,true,40.1378,83,0.0701417,0,,,
webgpu,mesh,pattern/eac-t192,finest beside the level below,cube corner,replacement,false,true,39.6281,75,0.0755818,0,,,
webgpu,mesh,pattern/eac-t192,finest beside the level below,zenith,replacement,false,true,48.7906,44,0.0161274,0,,,
webgpu,mesh,pattern/eac-t192,finest beside the level below,"rolled, off axis",replacement,false,true,46.9333,59,0.0209661,0,,,
webgpu,mesh,pattern/eac-t192,finest beside the bootstrap,face centre,replacement,false,true,47.2655,108,0.00773203,0,,,
webgpu,mesh,pattern/eac-t192,finest beside the bootstrap,face edge,replacement,false,true,41.5328,137,0.0333247,0,,,
webgpu,mesh,pattern/eac-t192,finest beside the bootstrap,cube corner,replacement,false,true,41.5714,121,0.0336125,0,,,
webgpu,mesh,pattern/eac-t192,finest beside the bootstrap,zenith,replacement,false,true,50.502,104,0.00773909,0,,,
webgpu,mesh,pattern/eac-t192,finest beside the bootstrap,"rolled, off axis",replacement,false,true,49.2978,104,0.0100523,0,,,
webgpu,mesh,pattern/eac-t192,bootstrap only,face centre,replacement,false,true,59.0568,2,0,0,,,
webgpu,mesh,pattern/eac-t192,bootstrap only,face edge,replacement,false,true,56.9891,9,0.0000907988,0,,,
webgpu,mesh,pattern/eac-t192,bootstrap only,cube corner,replacement,false,true,56.9865,6,0.0000366021,0,,,
webgpu,mesh,pattern/eac-t192,bootstrap only,zenith,replacement,false,true,59.006,2,0,0,,,
webgpu,mesh,pattern/eac-t192,bootstrap only,"rolled, off axis",replacement,false,true,57.9716,6,2.56857e-7,0,,,
webgpu,mesh,pattern/cube-t192,finest level,face centre,replacement,false,true,42.2676,51,0.0345138,0,,,
webgpu,mesh,pattern/cube-t192,finest level,face edge,replacement,false,true,35.8263,76,0.108982,0,,,
webgpu,mesh,pattern/cube-t192,finest level,cube corner,replacement,false,true,36.0358,69,0.110931,0,,,
webgpu,mesh,pattern/cube-t192,finest level,zenith,replacement,false,true,43.3978,43,0.0319597,0,,,
webgpu,mesh,pattern/cube-t192,finest beside the level below,face centre,replacement,false,true,43.2909,51,0.0387056,0,,,
webgpu,mesh,pattern/cube-t192,finest beside the level below,face edge,replacement,false,true,36.9878,85,0.111712,0,,,
webgpu,mesh,pattern/cube-t192,finest beside the level below,cube corner,replacement,false,true,37.251,83,0.113921,0,,,
webgpu,mesh,pattern/cube-t192,finest beside the level below,zenith,replacement,false,true,44.5224,41,0.0354132,0,,,
webgpu,mesh,pattern/cube-t192,finest beside the bootstrap,face centre,replacement,false,true,43.4977,114,0.0179074,0,,,
webgpu,mesh,pattern/cube-t192,finest beside the bootstrap,face edge,replacement,false,true,38.1482,133,0.0549111,0,,,
webgpu,mesh,pattern/cube-t192,finest beside the bootstrap,cube corner,replacement,false,true,38.7433,121,0.0550868,0,,,
webgpu,mesh,pattern/cube-t192,finest beside the bootstrap,zenith,replacement,false,true,46.607,110,0.0160127,0,,,
webgpu,mesh,northrop-mall/eac-t192,finest level,face centre,replacement,false,true,40.6834,40,0.130929,0,,,31.0007
webgpu,mesh,northrop-mall/eac-t192,finest level,face edge,replacement,false,true,39.6829,47,0.145401,0,,,32.53
webgpu,mesh,northrop-mall/eac-t192,finest level,cube corner,replacement,false,true,42.2412,60,0.0750675,0,,,34.5631
webgpu,mesh,northrop-mall/eac-t192,finest level,zenith,replacement,false,true,60.3464,20,0.000323254,0,,,46.7622
webgpu,mesh,northrop-mall/eac-t192,finest beside the level below,face centre,replacement,false,true,41.9457,48,0.107276,0,,,
webgpu,mesh,northrop-mall/eac-t192,finest beside the level below,face edge,replacement,false,true,40.9507,49,0.124463,0,,,
webgpu,mesh,northrop-mall/eac-t192,finest beside the level below,cube corner,replacement,false,true,43.2542,60,0.0670337,0,,,
webgpu,mesh,northrop-mall/eac-t192,finest beside the level below,zenith,replacement,false,true,61.5275,20,0.000295642,0,,,
webgpu,mesh,northrop-mall/eac-t192,finest beside the bootstrap,face centre,replacement,false,true,42.9538,149,0.0667956,0,,,
webgpu,mesh,northrop-mall/eac-t192,finest beside the bootstrap,face edge,replacement,false,true,41.5398,134,0.0741965,0,,,
webgpu,mesh,northrop-mall/eac-t192,finest beside the bootstrap,cube corner,replacement,false,true,43.3962,160,0.0395767,0,,,
webgpu,mesh,northrop-mall/eac-t192,finest beside the bootstrap,zenith,replacement,false,true,61.0315,20,0.000262893,0,,,
webgpu,mesh,northrop-mall/eac-t192,finest level,face edge,residual,false,true,39.6728,47,0.14554,0,,,32.5506
webgpu,mesh,northrop-mall/eac-t192,finest level,cube corner,residual,false,true,42.2194,55,0.0750408,0,,,34.5747
