category,set,variant,visit,repeat,panorama,backend,backendActual,render,projection,profile,trace,start,laps,drawingBuffer,disturbed,attempts,keepBusy,serverRequests,serverBytes,serverAborted,serverFailed,panoramaRequests,panoramaTransferBytes,transferBytes,resourcesFromCache,protocol,appScriptBytes,frames,frameIntervalMedian,frameIntervalP95,frameIntervalP99,frameIntervalMax,framesOver20Ms,framesOver33Ms,tickMsMedian,tickMsP99,tickMsMax,renderCallMsMedian,renderCallMsP99,renderCallMsMax,gpuTimer,gpuValid,gpuMsMean,errors,pageMessages,bootstrapMs,bytes,requests,cancelled,cancelledBytes,bytesNeverShown,failures,retries,evictions,redownloads,rematerialized,levelCapped,dropped,peakInflightRequests,peakPendingTiles,peakResidentTiles,peakDecodedBytes,peakCompressedBytes,atlasBytes,tileUploads,tileUploadBytes,tableUploads,tableUploadBytes,uploadCallMsMedian,uploadCallMsMax,decodeMsMedian,decodeMsP95,readbackMsMedian,reconstructMsMedian,reconstructMsMax,uploadFrames,worstUploadFrameWorkMs,triangles,acceptableMs,highMs,meanShortfallDb,finalPsnr,finalSsim,bytesAt1s,bytesAt2s,bytesAt5s,bytesAt10s,wholeShownMs,wholeArrivedMs,wholeDecodeMs,wholeUploadMs,uploadFramesOver4MiB,previewGpuBytes,wholeGpuBytes,afterTurnShortfallDb,afterTurnPsnr,afterTurnAcceptableMs,afterTurnHighMs
"throttled real HTTP, loopback",main,eac-direct,cold,0,northrop-mall,webgl2,webgl2,ray,eac,constrained-mobile,stationary,off-axis,1,1081x2401,,,0,,,,,47,496812,496812,0,h2,6203265,601,16.665,18.31,18.65,18.93,0,0,0.04,1.61,2.765,0.29,0.635,1.485,"WebGL disjoint timer query, whole frames",true,0.93693,0,0,133.67,477685,46,0,0,54956,0,0,0,0,0,0,0,6,3,45,0,13286,29506624,45,6774480,38,58368,0.0550001,0.345,2.17,3.73,0.215,,,38,3.3,1,2251.7,2251.7,2.44539,31.9252,0.976762,163894,324748,477685,477685,,,,,,,,,,,
"throttled real HTTP, loopback",main,eac-levels,cold,0,northrop-mall,webgl2,webgl2,ray,eac,constrained-mobile,stationary,off-axis,1,1081x2401,,,0,,,,,70,776310,776310,0,h2,6203265,601,16.665,16.845,17.055,17.58,0,0,0.055,1.545,1.88,0.315,0.62,1.93,"WebGL disjoint timer query, whole frames",true,0.982186,0,0,124.095,750283,69,0,0,54956,0,0,0,0,0,0,0,6,2,68,0,0,29506624,68,10236992,61,93696,0.0600001,0.35,2.33,3.085,0.24,,,61,2.27,1,2507.4,3007.4,2.40579,31.9252,0.976762,91139,312554,750283,750283,,,,,,,,,,,
"throttled real HTTP, loopback",main,eac-residual,cold,0,northrop-mall,webgl2,webgl2,ray,eac,constrained-mobile,stationary,off-axis,1,1081x2401,,,0,,,,,70,637115,637115,0,h2,6203265,601,16.665,18.245,18.58,18.865,0,0,0.045,1.52,1.79,0.315,0.655,1.56,"WebGL disjoint timer query, whole frames",true,0.922953,0,0,125.52,611088,69,0,0,44589,0,0,0,0,0,0,0,6,5,68,3462512,51936,29506624,68,10236992,56,86016,0.0549999,0.325,2.29,4.54,0.22,1.725,5.58,56,2.325,1,2259,2508.9,2.06789,31.9346,0.976666,80822,327784,611088,611088,,,,,,,,,,,
"throttled real HTTP, loopback",main,cube-direct,cold,0,northrop-mall,webgl2,webgl2,ray,cube,constrained-mobile,stationary,off-axis,1,1081x2401,,,0,,,,,46,480679,480679,0,h2,6203265,601,16.665,18.21,18.625,18.7,0,0,0.04,1.62,2.44,0.295,0.595,1.78,"WebGL disjoint timer query, whole frames",true,0.753886,0,0,133.695,461867,45,0,0,61744,0,0,0,0,0,0,0,6,2,44,0,0,29506624,44,6623936,39,59904,0.0600001,0.335,2.4,3.03,0.225,,,39,2.81,1,2015.7,2015.7,2.04078,30.7284,0.967782,72209,309384,461867,461867,,,,,,,,,,,
"throttled real HTTP, loopback",main,control,cold,0,northrop-mall,webgl2,webgl2,ray,equirectangular (control),constrained-mobile,stationary,off-axis,1,1081x2401,,,0,,,,,6,13599,13599,0,h2,6203265,596,16.67,18.14,18.56,19.08,0,0,0,0.01,0.295,0.29,0.62,2.07,"WebGL disjoint timer query, whole frames",true,0.53998,0,0,177.72,13599,,,,,,,,,,,,,,,,,,,,,,,,,,,,,,0.44,,,,20.3101,14.7995,0.202026,,,,,,,0,0,1,131064,,,,,
"throttled real HTTP, loopback",main,eac-direct,cold,0,northrop-mall,webgl2,webgl2,ray,eac,constrained-mobile,quick-turn,off-axis,1,1081x2401,,,0,,,,,115,859271,859271,0,h2,6203265,601,16.67,18.19,18.55,18.82,0,0,0.045,2.125,3.915,0.285,0.615,1.945,"WebGL disjoint timer query, whole frames",true,0.866663,0,0,133.225,869544,114,26,45000,119289,0,0,0,0,0,0,0,6,3,87,0,12980,29506624,87,13097328,78,119808,0.0550001,0.365,2.25,2.9,0.22,,,78,2.385,1,2001.2,4251.3,5.03636,32.2929,0.975736,89747,345781,869544,869544,,,,,,,,16.5088,15.7842,1651.3,1651.3
"throttled real HTTP, loopback",main,eac-levels,cold,0,northrop-mall,webgl2,webgl2,ray,eac,constrained-mobile,quick-turn,off-axis,1,1081x2401,,,0,,,,,115,1139627,1139627,0,h2,6203265,601,16.665,16.82,17.07,17.725,0,0,0.065,1.95,4.85,0.31,0.73,1.615,"WebGL disjoint timer query, whole frames",true,1.01056,0,0,136.005,1121772,114,8,30000,122803,0,0,0,0,0,0,0,6,2,105,0,0,29506624,105,15807120,92,141312,0.0550001,0.285,2.395,3.315,0.23,,,92,5.34,1,4502.6,4752.6,4.56703,32.2929,0.975736,91139,300317,989032,1121772,,,,,,,,13.5636,18.7293,1902.6,2152.6
"throttled real HTTP, loopback",main,eac-residual,cold,0,northrop-mall,webgl2,webgl2,ray,eac,constrained-mobile,quick-turn,off-axis,1,1081x2401,,,0,,,,,124,1028518,1028518,0,h2,6203265,601,16.66,18.115,18.45,18.72,0,0,0.05,2.185,3.44,0.29,0.595,1.89,"WebGL disjoint timer query, whole frames",true,1.049,0,0,126.19,1003091,123,6,16500,88492,0,0,0,0,0,0,0,6,5,116,7226112,51936,29506624,116,17463104,107,164352,0.0549999,0.39,2.25,3.65,0.22,1.695,5.49,107,2.505,1,4259.3,4509.3,4.17455,32.3307,0.975667,80822,327784,980990,1003091,,,,,,,,13.5883,18.7424,1659.3,1909.3
"throttled real HTTP, loopback",main,cube-direct,cold,0,northrop-mall,webgl2,webgl2,ray,cube,constrained-mobile,quick-turn,off-axis,1,1081x2401,,,0,,,,,107,859200,859200,0,h2,6203265,601,16.665,16.815,16.965,17.42,0,0,0.05,2.175,2.735,0.31,0.655,1.875,"WebGL disjoint timer query, whole frames",true,0.85986,0,0,119.47,851188,106,20,25500,105598,0,0,0,0,0,0,0,6,3,85,0,12829,29506624,85,12796240,70,107520,0.0550001,0.345,2.495,3.345,0.225,,,70,2.975,1,2002.6,2002.6,4.24416,31.5299,0.966898,72209,309384,851188,851188,,,,,,,,15.9467,15.5832,1152.6,1402.8
"throttled real HTTP, loopback",main,control,cold,0,northrop-mall,webgl2,webgl2,ray,equirectangular (control),constrained-mobile,quick-turn,off-axis,1,1081x2401,,,0,,,,,6,13599,13599,0,h2,6203265,596,16.66,18,18.315,18.46,0,0,0,0.01,0.365,0.28,0.59,2.545,"WebGL disjoint timer query, whole frames",true,0.421059,0,0,180.515,13599,,,,,,,,,,,,,,,,,,,,,,,,,,,,,,0.565,,,,19.4262,16.1219,0.266471,,,,,,,0,0,1,131064,,19.0861,16.1219,,
"throttled real HTTP, loopback",main,eac-direct,cold,0,northrop-mall,webgl2,webgl2,ray,eac,very-constrained,stationary,off-axis,1,1081x2401,,,0,,,,,47,496812,496812,0,h2,6203265,602,16.665,18.215,18.485,18.765,0,0,0.035,1.05,2.715,0.185,0.86,1.58,"WebGL disjoint timer query, whole frames",true,0.953071,0,0,229.86,477685,46,0,0,54956,0,0,0,0,0,0,0,6,1,45,0,0,29506624,45,6774480,45,69120,0.025,0.235,0.755,2.595,0.085,,,45,1.53,1,5012.4,5512.6,6.10756,31.9252,0.976762,5231,89747,374507,477685,,,,,,,,,,,
"throttled real HTTP, loopback",main,eac-levels,cold,0,northrop-mall,webgl2,webgl2,ray,eac,very-constrained,stationary,off-axis,1,1081x2401,,,0,,,,,70,776310,776310,0,h2,6203265,601,16.665,18.17,18.56,18.7,0,0,0.09,1.31,8.105,0.3,0.755,1.56,"WebGL disjoint timer query, whole frames",true,0.891143,0,0,221.15,750283,69,0,0,54956,0,0,0,0,0,0,0,6,1,68,0,0,29506624,68,10236992,68,104448,0.0600001,0.39,2.245,2.735,0.27,,,68,2.315,1,6254.4,7504.2,6.14776,31.9252,0.976762,8398,91139,349316,750283,,,,,,,,,,,
"throttled real HTTP, loopback",main,eac-residual,cold,0,northrop-mall,webgl2,webgl2,ray,eac,very-constrained,stationary,off-axis,1,1081x2401,,,0,,,,,70,637115,637115,0,h2,6203265,601,16.66,18.32,18.58,18.675,0,0,0.08,1.23,3.325,0.315,0.645,2.04,"WebGL disjoint timer query, whole frames",true,0.897357,0,0,221.12,611088,69,0,0,44589,0,0,0,0,0,0,0,6,4,68,3462512,36820,29506624,68,10236992,66,101376,0.0650001,0.39,2.29,3.04,0.27,1.765,4.55,66,2.395,1,5252.5,6003.1,5.30639,31.9346,0.976666,8398,80822,369248,611088,,,,,,,,,,,
"throttled real HTTP, loopback",main,cube-direct,cold,0,northrop-mall,webgl2,webgl2,ray,cube,very-constrained,stationary,off-axis,1,1081x2401,,,0,,,,,46,480679,480679,0,h2,6203265,601,16.665,18.285,18.6,18.885,0,0,0.05,1.28,6.905,0.3,0.715,1.785,"WebGL disjoint timer query, whole frames",true,0.886709,0,0,223.91,461867,45,0,0,61744,0,0,0,0,0,0,0,6,1,44,0,0,29506624,44,6623936,44,67584,0.0650001,0.355,2.26,2.675,0.27,,,44,2.055,1,4506.8,4506.8,5.04055,30.7284,0.967782,5196,85647,366665,461867,,,,,,,,,,,
"throttled real HTTP, loopback",main,control,cold,0,northrop-mall,webgl2,webgl2,ray,equirectangular (control),very-constrained,stationary,off-axis,1,1081x2401,,,0,,,,,6,13599,13599,0,h2,6203265,596,16.665,18.24,18.6,18.855,0,0,0,0.01,0.635,0.295,0.82,2.925,"WebGL disjoint timer query, whole frames",true,0.417811,0,0,328.4,13599,,,,,,,,,,,,,,,,,,,,,,,,,,,,,,0.855,,,,20.3101,14.7995,0.202026,,,,,,,0,0,1,131064,,,,,
"throttled real HTTP, loopback",main,eac-direct,cold,0,northrop-mall,webgl2,webgl2,ray,eac,very-constrained,quick-turn,off-axis,1,1081x2401,,,0,,,,,85,592716,592716,0,h2,6203265,601,16.66,18.33,18.555,18.66,0,0,0.07,1.965,3.49,0.31,0.65,1.955,"WebGL disjoint timer query, whole frames",true,0.857927,0,0,226.24,569989,84,25,3125,82616,0,0,0,0,0,0,0,6,2,58,0,0,29506624,58,8731552,56,86016,0.0599999,0.42,2.35,3.205,0.265,,,56,2.235,1,6759,6759,8.99644,32.2929,0.975736,5231,89747,327243,569989,,,,,,,,16.5088,15.7842,4159,4159
"throttled real HTTP, loopback",main,eac-levels,cold,0,northrop-mall,webgl2,webgl2,ray,eac,very-constrained,quick-turn,off-axis,1,1081x2401,,,0,,,,,91,804710,804710,0,h2,6203265,601,16.67,16.835,16.985,17.18,0,0,0.115,1.77,3.115,0.32,0.745,1.44,"WebGL disjoint timer query, whole frames",true,1.00766,0,0,218.81,814383,90,11,40500,122572,0,0,0,0,0,0,0,6,1,78,0,0,29506624,78,11742432,78,119808,0.0600001,0.355,2.27,2.915,0.295,,,78,2.22,1,7752.1,8752,8.30556,32.2929,0.975736,8398,91139,345817,773072,,,,,,,,16.4446,15.8483,5152.1,6152
"throttled real HTTP, loopback",main,eac-residual,cold,0,northrop-mall,webgl2,webgl2,ray,eac,very-constrained,quick-turn,off-axis,1,1081x2401,,,0,,,,,92,712513,712513,0,h2,6203265,602,16.66,18.14,18.49,18.675,0,0,0.105,2.075,3.095,0.295,0.675,1.65,"WebGL disjoint timer query, whole frames",true,1.12021,0,0,216.155,691586,91,8,10500,91969,0,0,0,0,0,0,0,6,4,82,5570128,36820,29506624,82,12344608,79,121344,0.0600001,0.36,2.195,3.22,0.25,1.79,5.33,79,2.54,1,6766.2,7750.6,7.70644,32.3307,0.975667,8398,80822,348297,691586,,,,,,,,16.4824,15.8483,4166.2,5150.6
"throttled real HTTP, loopback",main,cube-direct,cold,0,northrop-mall,webgl2,webgl2,ray,cube,very-constrained,quick-turn,off-axis,1,1081x2401,,,0,,,,,85,565347,565347,0,h2,6203265,601,16.665,18.275,18.63,18.81,0,0,0.07,1.975,3.3,0.3,0.795,1.465,"WebGL disjoint timer query, whole frames",true,0.866431,0,0,221.665,556735,84,27,15000,76363,0,0,0,0,0,0,0,6,2,56,0,0,29506624,56,8430464,55,84480,0.0599999,0.4,2.155,2.885,0.24,,,55,2.16,1,6256.5,6505.2,8.22191,31.5299,0.966898,5196,85647,312564,556735,,,,,,,,16.0118,15.5181,3656.5,3905.2
"throttled real HTTP, loopback",main,control,cold,0,northrop-mall,webgl2,webgl2,ray,equirectangular (control),very-constrained,quick-turn,off-axis,1,1081x2401,,,0,,,,,6,13599,13599,0,h2,6203265,596,16.675,18.055,18.49,18.705,0,0,0,0.01,0.54,0.28,0.755,3.08,"WebGL disjoint timer query, whole frames",true,0.419098,0,0,344.065,13599,,,,,,,,,,,,,,,,,,,,,,,,,,,,,,0.715,,,,19.4032,16.1219,0.266471,,,,,,,0,0,1,131064,,19.0861,16.1219,,
"throttled real HTTP, loopback",main,eac-direct,cold,0,bookstore,webgl2,webgl2,ray,eac,constrained-mobile,stationary,off-axis,1,1081x2401,,,0,,,,,47,173103,173103,0,h2,6203265,601,16.67,18.195,18.595,18.715,0,0,0.04,1.38,2.155,0.29,0.635,1.775,"WebGL disjoint timer query, whole frames",true,0.958722,0,0,120.65,153990,46,0,0,15004,0,0,0,0,0,0,0,6,2,45,0,0,29506624,45,6774480,36,55296,0.0500001,0.285,2.025,3.075,0.205,,,36,2.66,1,1252.2,1252.2,1.80623,43.6334,0.990422,80305,153990,153990,153990,,,,,,,,,,,
"throttled real HTTP, loopback",main,eac-levels,cold,0,bookstore,webgl2,webgl2,ray,eac,constrained-mobile,stationary,off-axis,1,1081x2401,,,0,,,,,70,281984,281984,0,h2,6203265,601,16.655,18.255,18.555,18.625,0,0,0.05,1.265,2.05,0.3,0.71,1.92,"WebGL disjoint timer query, whole frames",true,0.86879,0,0,125.23,255971,69,0,0,15004,0,0,0,0,0,0,0,6,3,68,0,6938,29506624,68,10236992,55,84480,0.0450001,0.19,1.895,2.885,0.2,,,55,2.545,1,1508.3,1758.7,1.47269,43.6334,0.990422,79700,234665,255971,255971,,,,,,,,,,,
"throttled real HTTP, loopback",main,eac-residual,cold,0,bookstore,webgl2,webgl2,ray,eac,constrained-mobile,stationary,off-axis,1,1081x2401,,,0,,,,,70,232179,232179,0,h2,6203265,602,16.66,18.005,18.165,18.51,0,0,0.04,1.685,2.835,0.305,0.765,2.085,"WebGL disjoint timer query, whole frames",true,0.930293,0,0,127.2,206166,69,0,0,13147,0,0,0,0,0,0,0,6,4,68,3462512,12836,29506624,68,10236992,58,89088,0.05,0.3,2.435,4.67,0.245,1.555,4.33,58,3.255,1,1260.9,1510.3,1.28101,43.0863,0.989189,86416,206166,206166,206166,,,,,,,,,,,
"throttled real HTTP, loopback",main,cube-direct,cold,0,bookstore,webgl2,webgl2,ray,cube,constrained-mobile,stationary,off-axis,1,1081x2401,,,0,,,,,46,163325,163325,0,h2,6203265,601,16.675,18.195,18.575,18.825,0,0,0.035,1.585,2.37,0.275,0.545,1.94,"WebGL disjoint timer query, whole frames",true,0.756628,0,0,119.305,144526,45,0,0,23706,0,0,0,0,0,0,0,6,2,44,0,0,29506624,44,6623936,31,47616,0.05,0.3,2.05,2.775,0.195,,,31,2.8,1,1003,1003,1.27707,42.0201,0.988568,73676,144526,144526,144526,,,,,,,,,,,
"throttled real HTTP, loopback",main,control,cold,0,bookstore,webgl2,webgl2,ray,equirectangular (control),constrained-mobile,stationary,off-axis,1,1081x2401,,,0,,,,,7,1545189,1545189,0,h2,6203265,596,16.675,18.265,18.635,18.755,0,0,0,0.165,10.515,0.27,0.585,2.48,"WebGL disjoint timer query, whole frames",true,0.49161,0,0,178.6,1545189,,,,,,,,,,,,,,,,,,,,,,,,,,,,,,10.615,,7009.5,7009.5,17.9588,47.1104,0.997503,,,,,6793.88,6423,64.745,306.135,20,131064,100663288,,,,
"throttled real HTTP, loopback",main,eac-direct,cold,0,bookstore,webgl2,webgl2,ray,eac,constrained-mobile,quick-turn,off-axis,1,1081x2401,,,0,,,,,118,330888,330888,0,h2,6203265,602,16.665,18.13,18.54,18.66,0,0,0.04,2.53,2.975,0.29,0.88,1.765,"WebGL disjoint timer query, whole frames",true,1.13227,0,0,127.875,294975,117,16,0,44679,0,0,0,0,0,0,0,6,2,100,0,0,29506624,100,15054400,81,124416,0.0500001,0.37,2.14,3.435,0.225,,,81,3.165,1,1260.1,1260.1,4.2417,46.0441,0.993112,73806,153990,294975,294975,,,,,,,,20.4804,25.5637,910.4,910.4
"throttled real HTTP, loopback",main,eac-levels,cold,0,bookstore,webgl2,webgl2,ray,eac,constrained-mobile,quick-turn,off-axis,1,1081x2401,,,0,,,,,149,550785,550785,0,h2,6203265,602,16.665,18.39,18.53,18.675,0,0,0.055,2.625,3.245,0.305,0.875,2.48,"WebGL disjoint timer query, whole frames",true,0.912847,0,0,128.195,507372,148,4,6000,49540,0,0,0,0,0,0,0,6,3,143,0,6938,29506624,143,21527792,108,165888,0.05,0.395,2.33,3.585,0.23,,,108,3.055,1,1511.2,1761.4,3.10849,46.0441,0.993112,87127,223481,507372,507372,,,,,,,,9.73071,36.3134,911.4,1161.3
"throttled real HTTP, loopback",main,eac-residual,cold,0,bookstore,webgl2,webgl2,ray,eac,constrained-mobile,quick-turn,off-axis,1,1081x2401,,,0,,,,,150,465215,465215,0,h2,6203265,601,16.665,18.22,18.535,18.73,0,0,0.045,2.25,3.085,0.29,0.68,1.835,"WebGL disjoint timer query, whole frames",true,0.943527,0,0,117.185,418410,149,5,6000,50442,0,0,0,0,0,0,0,6,5,143,7677744,15977,29506624,143,21527792,112,172032,0.05,0.33,2.245,4.605,0.2,1.545,3.82,112,3.1,1,1251.4,1750.1,2.8569,45.0041,0.991385,82673,195808,418410,418410,,,,,,,,10.0109,34.9932,901.8,1151.6
"throttled real HTTP, loopback",main,cube-direct,cold,0,bookstore,webgl2,webgl2,ray,cube,constrained-mobile,quick-turn,off-axis,1,1081x2401,,,0,,,,,115,318254,318254,0,h2,6203265,601,16.665,18.19,18.595,18.8,0,0,0.045,2.09,3.355,0.295,0.705,1.71,"WebGL disjoint timer query, whole frames",true,0.997014,0,0,121.09,287455,114,17,9164,51036,0,0,0,0,0,0,0,6,3,96,0,2076,29506624,96,14452224,69,105984,0.0549999,0.225,2.27,3.03,0.21,,,69,2.78,1,1004.2,1004.2,3.04155,44.1405,0.991787,71181,144526,287455,287455,,,,,,,,17.3532,26.7873,654.2,654.2
"throttled real HTTP, loopback",main,control,cold,0,bookstore,webgl2,webgl2,ray,equirectangular (control),constrained-mobile,quick-turn,off-axis,1,1081x2401,,,0,,,,,7,1545189,1545189,0,h2,6203265,596,16.665,18.305,18.66,18.755,0,0,0,0.185,7.905,0.27,0.665,2.385,"WebGL disjoint timer query, whole frames",true,0.495784,0,0,169.32,1545189,,,,,,,,,,,,,,,,,,,,,,,,,,,,,,8.005,,7000.9,7000.9,14.6445,44.1412,0.9944,,,,,6785.78,6423.98,62.785,299.015,20,131064,100663288,18.6681,25.4731,4400.9,4400.9
"throttled real HTTP, loopback",main,eac-direct,cold,0,bookstore,webgl2,webgl2,ray,eac,very-constrained,stationary,off-axis,1,1081x2401,,,0,,,,,47,173103,173103,0,h2,6203265,602,16.665,16.99,17.24,17.735,0,0,0.045,1.32,2.575,0.33,0.795,2.26,"WebGL disjoint timer query, whole frames",true,0.996444,0,0,193.085,153990,46,0,0,15004,0,0,0,0,0,0,0,6,2,45,0,0,29506624,45,6774480,43,66048,0.0599999,0.22,2.45,3.145,0.245,,,43,2.975,1,2259.7,2259.7,3.57845,43.6334,0.990422,26547,102054,153990,153990,,,,,,,,,,,
"throttled real HTTP, loopback",main,eac-levels,cold,0,bookstore,webgl2,webgl2,ray,eac,very-constrained,stationary,off-axis,1,1081x2401,,,0,,,,,70,281984,281984,0,h2,6203265,601,16.665,17.99,18.2,18.485,0,0,0.055,1.215,1.695,0.3,0.64,2,"WebGL disjoint timer query, whole frames",true,0.86738,0,0,205.335,255971,69,0,0,15004,0,0,0,0,0,0,0,6,2,68,0,0,29506624,68,10236992,66,101376,0.0600001,0.235,2.22,2.765,0.28,,,66,2.06,1,3006.4,3255.8,3.22909,43.6334,0.990422,22614,105933,255971,255971,,,,,,,,,,,
"throttled real HTTP, loopback",main,eac-residual,cold,0,bookstore,webgl2,webgl2,ray,eac,very-constrained,stationary,off-axis,1,1081x2401,,,0,,,,,70,232179,232179,0,h2,6203265,601,16.665,16.85,17.04,17.195,0,0,0.05,1.425,2.95,0.325,0.865,1.88,"WebGL disjoint timer query, whole frames",true,1.00317,0,0,203.56,206166,69,0,0,13147,0,0,0,0,0,0,0,6,4,68,3462512,12836,29506624,68,10236992,64,98304,0.0549999,0.39,2.08,4.375,0.25,1.77,4.725,64,2.435,1,2503.5,3003.5,2.68697,43.0863,0.989189,34695,100584,206166,206166,,,,,,,,,,,
"throttled real HTTP, loopback",main,cube-direct,cold,0,bookstore,webgl2,webgl2,ray,cube,very-constrained,stationary,off-axis,1,1081x2401,,,0,,,,,46,163325,163325,0,h2,6203265,601,16.665,18.125,18.575,18.765,0,0,0.04,1.315,2.635,0.29,0.59,1.665,"WebGL disjoint timer query, whole frames",true,0.991762,0,0,205.3,144526,45,0,0,23706,0,0,0,0,0,0,0,6,2,44,0,0,29506624,44,6623936,42,64512,0.0599999,0.415,2.1,2.945,0.235,,,42,3.175,1,2006,2006,2.71004,42.0201,0.988568,32893,100183,144526,144526,,,,,,,,,,,
"throttled real HTTP, loopback",main,control,cold,0,bookstore,webgl2,webgl2,ray,equirectangular (control),very-constrained,stationary,off-axis,1,1081x2401,,,0,,,,,6,11063,11063,0,h2,6203265,596,16.665,16.97,17.15,17.86,0,0,0.005,0.01,0.955,0.305,0.755,5.185,"WebGL disjoint timer query, whole frames",true,0.437465,0,0,345.26,11063,,,,,,,,,,,,,,,,,,,,,,,,,,,,,,1.165,,,,25.9405,21.17,0.729301,,,,,,,0,0,1,131064,,,,,
"throttled real HTTP, loopback",main,eac-direct,cold,0,bookstore,webgl2,webgl2,ray,eac,very-constrained,quick-turn,off-axis,1,1081x2401,,,0,,,,,111,285441,285441,0,h2,6203265,601,16.665,18.445,18.61,18.71,0,0,0.05,1.92,2.965,0.3,0.775,1.995,"WebGL disjoint timer query, whole frames",true,1.14405,0,0,208.78,254028,110,25,1482,25530,0,0,0,0,0,0,0,6,2,84,0,0,29506624,84,12645696,81,124416,0.0599999,0.37,2.1,2.905,0.245,,,81,2.88,1,4258.5,4258.5,7.29055,46.0441,0.993112,23926,99949,254028,254028,,,,,,,,20.8155,25.2287,1658.5,1658.5
"throttled real HTTP, loopback",main,eac-levels,cold,0,bookstore,webgl2,webgl2,ray,eac,very-constrained,quick-turn,off-axis,1,1081x2401,,,0,,,,,112,379390,379390,0,h2,6203265,601,16.67,16.875,17.07,17.905,0,0,0.075,1.865,4.325,0.335,0.585,2.03,"WebGL disjoint timer query, whole frames",true,1.0581,0,0,202.785,343177,111,11,0,24044,0,0,0,0,0,0,0,6,1,99,0,0,29506624,99,14903856,99,152064,0.0599999,0.345,2.025,2.73,0.28,,,99,4.8,1,4502.8,5252.8,6.04263,46.0441,0.993112,22614,105933,294777,343177,,,,,,,,20.8591,25.185,1902.8,2652.8
"throttled real HTTP, loopback",main,eac-residual,cold,0,bookstore,webgl2,webgl2,ray,eac,very-constrained,quick-turn,off-axis,1,1081x2401,,,0,,,,,118,341420,341420,0,h2,6203265,601,16.665,18.44,18.64,19.49,0,0,0.055,2.115,12.285,0.3,0.72,1.915,"WebGL disjoint timer query, whole frames",true,1.03405,0,0,208.985,304607,117,11,1500,23432,0,0,0,0,0,0,0,6,4,105,6925024,12836,29506624,105,15807120,102,156672,0.0599999,0.4,2.16,2.94,0.23,1.72,4.585,102,2.65,1,4259.7,4759.3,4.83907,45.0041,0.991385,34695,104094,286641,304607,,,,,,,,14.188,30.8161,1659.7,2159.3
"throttled real HTTP, loopback",main,cube-direct,cold,0,bookstore,webgl2,webgl2,ray,cube,very-constrained,quick-turn,off-axis,1,1081x2401,,,0,,,,,108,279261,279261,0,h2,6203265,601,16.665,17.995,18.46,18.795,0,0,0.05,2.155,3.215,0.305,0.65,1.935,"WebGL disjoint timer query, whole frames",true,0.987703,0,0,207.215,247562,107,23,3669,23989,0,0,0,0,0,0,0,6,2,83,0,0,29506624,83,12495152,82,125952,0.0599999,0.195,2.065,2.625,0.26,,,82,3.605,1,2008.1,2008.1,5.38263,44.1405,0.991787,32893,100183,247562,247562,,,,,,,,19.0349,25.1056,1407.3,1407.3
"throttled real HTTP, loopback",main,control,cold,0,bookstore,webgl2,webgl2,ray,equirectangular (control),very-constrained,quick-turn,off-axis,1,1081x2401,,,0,,,,,6,11063,11063,0,h2,6203265,596,16.665,18.46,18.635,19.57,0,0,0,0.015,0.65,0.29,0.92,3.045,"WebGL disjoint timer query, whole frames",true,0.676814,0,0,329.895,11063,,,,,,,,,,,,,,,,,,,,,,,,,,,,,,0.885,,,,20.2385,25.4731,0.860507,,,,,,,0,0,1,131064,,18.6681,25.4731,,
"throttled real HTTP, loopback",main,eac-direct,cold,0,superblock,webgl2,webgl2,ray,eac,constrained-mobile,stationary,off-axis,1,1081x2401,,,0,,,,,47,283406,283406,0,h2,6203265,601,16.66,18.2,18.55,18.72,0,0,0.04,1.195,3.51,0.28,0.64,1.785,"WebGL disjoint timer query, whole frames",true,1.09272,0,0,137.325,264282,46,0,0,48239,0,0,0,0,0,0,0,6,2,45,0,0,29506624,45,6774480,37,56832,0.0450001,0.4,1.755,3.24,0.175,,,37,4,1,1254.2,1254.2,1.59025,39.8543,0.987605,98033,264282,264282,264282,,,,,,,,,,,
"throttled real HTTP, loopback",main,eac-levels,cold,0,superblock,webgl2,webgl2,ray,eac,constrained-mobile,stationary,off-axis,1,1081x2401,,,0,,,,,70,500320,500320,0,h2,6203265,601,16.67,18.135,18.62,18.665,0,0,0.045,1.705,2.435,0.285,0.595,1.82,"WebGL disjoint timer query, whole frames",true,1.02769,0,0,120.21,474296,69,0,0,48239,0,0,0,0,0,0,0,6,3,68,0,4459,29506624,68,10236992,60,92160,0.0599999,0.37,2.305,3.08,0.235,,,60,2.82,1,2004.9,2254.3,1.82822,39.8543,0.987605,104586,315436,474296,474296,,,,,,,,,,,
"throttled real HTTP, loopback",main,eac-residual,cold,0,superblock,webgl2,webgl2,ray,eac,constrained-mobile,stationary,off-axis,1,1081x2401,,,0,,,,,70,410442,410442,0,h2,6203265,601,16.67,18.26,18.605,18.78,0,0,0.04,1.675,3.01,0.29,0.7,1.85,"WebGL disjoint timer query, whole frames",true,0.946427,0,0,135.085,384418,69,0,0,37129,0,0,0,0,0,0,0,6,5,68,3462512,28134,29506624,68,10236992,54,82944,0.0550001,0.345,2.31,4.62,0.22,1.665,4.415,54,3.02,1,1752.5,2002.5,1.62281,39.6258,0.986569,100348,290961,384418,384418,,,,,,,,,,,
"throttled real HTTP, loopback",main,cube-direct,cold,0,superblock,webgl2,webgl2,ray,cube,constrained-mobile,stationary,off-axis,1,1081x2401,,,0,,,,,46,258605,258605,0,h2,6203265,602,16.66,18.295,18.595,18.655,0,0,0.04,1.635,2.985,0.31,0.79,1.685,"WebGL disjoint timer query, whole frames",true,0.805317,0,0,128.78,239794,45,0,0,59895,0,0,0,0,0,0,0,6,3,44,0,9882,29506624,44,6623936,36,55296,0.0550001,0.295,2.59,3.75,0.225,,,36,2.74,1,1262.7,1262.7,1.21384,37.9041,0.982455,75181,239794,239794,239794,,,,,,,,,,,
"throttled real HTTP, loopback",main,control,cold,0,superblock,webgl2,webgl2,ray,equirectangular (control),constrained-mobile,stationary,off-axis,1,1081x2401,,,0,,,,,6,14936,14936,0,h2,6203265,596,16.665,17.78,18.25,18.86,0,0,0,0.01,0.34,0.31,0.645,2.49,"WebGL disjoint timer query, whole frames",true,0.429516,0,0,184.045,14936,,,,,,,,,,,,,,,,,,,,,,,,,,,,,,0.57,,,,22.8572,21.3119,0.662822,,,,,,,0,0,1,131064,,,,,
"throttled real HTTP, loopback",main,eac-direct,cold,0,superblock,webgl2,webgl2,ray,eac,constrained-mobile,quick-turn,off-axis,1,1081x2401,,,0,,,,,117,759521,759521,0,h2,6203265,601,16.66,18.36,18.605,18.715,0,0,0.045,2.105,2.76,0.285,0.665,1.95,"WebGL disjoint timer query, whole frames",true,0.998928,0,0,121.465,749097,116,21,25500,141785,0,0,0,0,0,0,0,6,3,94,0,10281,29506624,94,14151136,81,124416,0.0599999,0.31,2.205,2.98,0.225,,,81,2.92,1,1254.5,1254.5,4.37355,34.5791,0.983843,98033,264282,749097,749097,,,,,,,,17.0272,17.5519,1653.5,1903.3
"throttled real HTTP, loopback",main,eac-levels,cold,0,superblock,webgl2,webgl2,ray,eac,constrained-mobile,quick-turn,off-axis,1,1081x2401,,,0,,,,,138,1191984,1191984,0,h2,6203265,601,16.67,18.215,18.595,18.71,0,0,0.07,2.09,2.925,0.305,0.61,1.935,"WebGL disjoint timer query, whole frames",true,0.891432,0,0,123.845,1176460,137,9,30000,101691,0,0,0,0,0,0,0,6,3,127,0,767,29506624,127,19119088,114,175104,0.0549999,0.23,2.245,2.905,0.23,,,114,3.325,1,2006.6,5255.4,4.49168,34.5791,0.983843,104586,308047,951010,1176460,,,,,,,,14.4544,20.1247,2156,2655.4
"throttled real HTTP, loopback",main,eac-residual,cold,0,superblock,webgl2,webgl2,ray,eac,constrained-mobile,quick-turn,off-axis,1,1081x2401,,,0,,,,,145,1032883,1032883,0,h2,6203265,601,16.685,18.02,18.56,18.69,0,0,0.055,1.78,2.575,0.295,0.59,1.965,"WebGL disjoint timer query, whole frames",true,0.870902,0,0,124.465,992759,144,7,7500,91880,0,0,0,0,0,0,0,6,5,136,7226112,28134,29506624,136,20473984,119,182784,0.0549999,0.195,2.285,4.54,0.22,1.66,3.505,119,2.935,1,1757.9,2008.9,3.86516,34.59,0.98387,117257,290961,924002,992759,,,,,,,,14.1156,20.4744,1909,2158.1
"throttled real HTTP, loopback",main,cube-direct,cold,0,superblock,webgl2,webgl2,ray,cube,constrained-mobile,quick-turn,off-axis,1,1081x2401,,,0,,,,,112,721732,721732,0,h2,6203265,602,16.66,17.44,18.225,18.665,0,0,0.045,2.47,4.115,0.305,0.87,1.7,"WebGL disjoint timer query, whole frames",true,0.799297,0,0,126.49,701121,111,18,15000,121785,0,0,0,0,0,0,0,6,3,92,0,9205,29506624,92,13850048,77,118272,0.0500001,0.33,2.5,3.58,0.245,,,77,2.92,1,1260,1260,3.62009,34.0468,0.978795,82669,239794,701121,701121,,,,,,,,16.8634,17.1834,1410.4,1410.4
"throttled real HTTP, loopback",main,control,cold,0,superblock,webgl2,webgl2,ray,equirectangular (control),constrained-mobile,quick-turn,off-axis,1,1081x2401,,,0,,,,,6,14936,14936,0,h2,6203265,596,16.675,17.95,18.575,18.67,0,0,0,0.01,0.325,0.29,0.575,2.15,"WebGL disjoint timer query, whole frames",true,0.447062,0,0,180.98,14936,,,,,,,,,,,,,,,,,,,,,,,,,,,,,,0.485,,,,20.8283,17.5586,0.293983,,,,,,,0,0,1,131064,,20.239,17.5586,,
"throttled real HTTP, loopback",main,eac-direct,cold,0,superblock,webgl2,webgl2,ray,eac,very-constrained,stationary,off-axis,1,1081x2401,,,0,,,,,47,283406,283406,0,h2,6203265,601,16.665,18.47,18.62,18.77,0,0,0.04,1.135,2.49,0.295,0.67,1.695,"WebGL disjoint timer query, whole frames",true,0.864368,0,0,225.155,264282,46,0,0,48239,0,0,0,0,0,0,0,6,2,45,0,0,29506624,45,6774480,44,67584,0.0600001,0.385,2.225,2.62,0.255,,,44,2.315,1,2758,2758,3.86563,39.8543,0.987605,30107,106283,264282,264282,,,,,,,,,,,
"throttled real HTTP, loopback",main,eac-levels,cold,0,superblock,webgl2,webgl2,ray,eac,very-constrained,stationary,off-axis,1,1081x2401,,,0,,,,,70,500320,500320,0,h2,6203265,601,16.665,18.075,18.62,18.77,0,0,0.06,1.205,3.3,0.305,0.755,1.83,"WebGL disjoint timer query, whole frames",true,0.867503,0,0,229.405,474296,69,0,0,48239,0,0,0,0,0,0,0,6,2,68,0,0,29506624,68,10236992,67,102912,0.0649999,0.205,2.155,2.73,0.26,,,67,1.83,1,4262.7,5013.2,4.54676,39.8543,0.987605,5513,104586,358791,474296,,,,,,,,,,,
"throttled real HTTP, loopback",main,eac-residual,cold,0,superblock,webgl2,webgl2,ray,eac,very-constrained,stationary,off-axis,1,1081x2401,,,0,,,,,70,410442,410442,0,h2,6203265,601,16.665,18.07,18.55,18.65,0,0,0.05,1.195,1.98,0.29,0.92,1.755,"WebGL disjoint timer query, whole frames",true,1.10825,0,0,218.775,384418,69,0,0,37129,0,0,0,0,0,0,0,6,5,68,3462512,28134,29506624,68,10236992,65,99840,0.0600001,0.215,2.085,3.025,0.26,1.73,3.88,65,2.405,1,3752.6,4252.6,3.92029,39.6258,0.986569,10962,117257,341263,384418,,,,,,,,,,,
"throttled real HTTP, loopback",main,cube-direct,cold,0,superblock,webgl2,webgl2,ray,cube,very-constrained,stationary,off-axis,1,1081x2401,,,0,,,,,46,258605,258605,0,h2,6203265,601,16.665,16.845,17.03,17.365,0,0,0.05,1.16,2.18,0.315,0.72,1.77,"WebGL disjoint timer query, whole frames",true,0.839099,0,0,225.51,239794,45,0,0,59895,0,0,0,0,0,0,0,6,2,44,0,0,29506624,44,6623936,43,66048,0.0599999,0.345,2.175,2.885,0.305,,,43,2.625,1,2507.9,2507.9,2.77684,37.9041,0.982455,10518,106725,239794,239794,,,,,,,,,,,
"throttled real HTTP, loopback",main,control,cold,0,superblock,webgl2,webgl2,ray,equirectangular (control),very-constrained,stationary,off-axis,1,1081x2401,,,0,,,,,6,14936,14936,0,h2,6203265,596,16.665,18.015,18.53,18.68,0,0,0.005,0.01,0.855,0.28,0.815,3.46,"WebGL disjoint timer query, whole frames",true,0.473784,0,0,365.36,14936,,,,,,,,,,,,,,,,,,,,,,,,,,,,,,1.1,,,,22.8572,21.3119,0.662822,,,,,,,0,0,1,131064,,,,,
"throttled real HTTP, loopback",main,eac-direct,cold,0,superblock,webgl2,webgl2,ray,eac,very-constrained,quick-turn,off-axis,1,1081x2401,,,0,,,,,104,611226,611226,0,h2,6203265,601,16.67,17.89,18.555,18.72,0,0,0.065,2.455,2.79,0.3,0.59,1.69,"WebGL disjoint timer query, whole frames",true,1.04157,0,0,220.995,584602,103,27,3000,69730,0,0,0,0,0,0,0,6,2,75,0,0,29506624,75,11290800,74,113664,0.0599999,0.335,2.27,2.77,0.255,,,74,3.22,1,6753.8,7253.8,9.57943,34.5791,0.983843,30107,98894,321023,584602,,,,,,,,17.4589,17.1202,4153.8,4653.8
"throttled real HTTP, loopback",main,eac-levels,cold,0,superblock,webgl2,webgl2,ray,eac,very-constrained,quick-turn,off-axis,1,1081x2401,,,0,,,,,88,834080,834080,0,h2,6203265,601,16.665,17.295,17.975,18.615,0,0,0.115,2.125,3.16,0.315,0.775,2.025,"WebGL disjoint timer query, whole frames",true,0.948397,0,0,227.135,832056,93,16,28500,36232,0,0,0,0,0,0,0,6,2,75,0,0,29506624,75,11290800,73,112128,0.0599999,0.245,2.355,2.99,0.27,,,73,2.085,1,8510.2,9259.2,9.21394,34.0373,0.982224,5513,104586,342995,793887,,,,,,,,17.2378,17.3413,5910.2,6659.2
"throttled real HTTP, loopback",main,eac-residual,cold,0,superblock,webgl2,webgl2,ray,eac,very-constrained,quick-turn,off-axis,1,1081x2401,,,0,,,,,100,755379,755379,0,h2,6203265,601,16.66,18.235,18.53,18.66,0,0,0.115,2.57,4.72,0.31,0.735,1.785,"WebGL disjoint timer query, whole frames",true,0.910038,0,0,220.705,747655,99,13,25500,67386,0,0,0,0,0,0,0,6,5,85,6021760,34696,29506624,85,12796240,82,125952,0.0600001,0.33,2.15,2.645,0.255,1.775,4.46,82,3.845,1,7503.8,8005.4,8.30367,34.59,0.98387,10962,117257,339265,747655,,,,,,,,17.2487,17.3413,4903.8,5405.4
"throttled real HTTP, loopback",main,cube-direct,cold,0,superblock,webgl2,webgl2,ray,cube,very-constrained,quick-turn,off-axis,1,1081x2401,,,0,,,,,100,580485,580485,0,h2,6203265,601,16.665,18.355,18.59,18.65,0,0,0.065,2.03,2.68,0.3,0.895,1.5,"WebGL disjoint timer query, whole frames",true,0.987371,0,0,221.355,564374,99,28,12000,94428,0,0,0,0,0,0,0,6,2,70,0,0,29506624,70,10538080,69,105984,0.0649999,0.405,2.235,2.665,0.27,,,69,2.755,1,6254.4,6502.4,7.8519,34.0468,0.978795,10518,106725,303965,564374,,,,,,,,16.9937,17.0531,3654.4,3902.4
"throttled real HTTP, loopback",main,control,cold,0,superblock,webgl2,webgl2,ray,equirectangular (control),very-constrained,quick-turn,off-axis,1,1081x2401,,,0,,,,,6,14936,14936,0,h2,6203265,596,16.67,18.14,18.52,18.655,0,0,0,0.01,0.475,0.29,0.705,2.965,"WebGL disjoint timer query, whole frames",true,0.418449,0,0,344.56,14936,,,,,,,,,,,,,,,,,,,,,,,,,,,,,,0.585,,,,20.7776,17.5586,0.293983,,,,,,,0,0,1,131064,,20.239,17.5586,,
"throttled real HTTP, loopback",main,control,cold,1,northrop-mall,webgl2,webgl2,ray,equirectangular (control),constrained-mobile,stationary,off-axis,1,1081x2401,,,0,,,,,6,13599,13599,0,h2,6203265,596,16.665,18.285,18.58,18.72,0,0,0,0.01,0.31,0.31,0.66,2.3,"WebGL disjoint timer query, whole frames",true,0.428744,0,0,178.26,13599,,,,,,,,,,,,,,,,,,,,,,,,,,,,,,0.52,,,,20.3101,14.7995,0.202026,,,,,,,0,0,1,131064,,,,,
"throttled real HTTP, loopback",main,cube-direct,cold,1,northrop-mall,webgl2,webgl2,ray,cube,constrained-mobile,stationary,off-axis,1,1081x2401,,,0,,,,,46,480679,480679,0,h2,6203265,601,16.68,18.3,18.495,18.55,0,0,0.04,1.18,2.64,0.28,0.605,1.94,"WebGL disjoint timer query, whole frames",true,0.772151,0,0,120.355,461867,45,0,0,61744,0,0,0,0,0,0,0,6,3,44,0,12829,29506624,44,6623936,39,59904,0.05,0.385,1.705,2.845,0.165,,,39,3.095,1,2004.7,2004.7,2.02141,30.7284,0.967782,72209,309384,461867,461867,,,,,,,,,,,
"throttled real HTTP, loopback",main,eac-residual,cold,1,northrop-mall,webgl2,webgl2,ray,eac,constrained-mobile,stationary,off-axis,1,1081x2401,,,0,,,,,70,637115,637115,0,h2,6203265,602,16.66,18.18,18.55,18.675,0,0,0.045,1.26,1.865,0.295,0.725,1.805,"WebGL disjoint timer query, whole frames",true,0.870101,0,0,129.32,611088,69,0,0,44589,0,0,0,0,0,0,0,6,4,68,3462512,36820,29506624,68,10236992,59,90624,0.0500001,0.2,2.21,3.18,0.215,1.575,5.065,59,2.065,1,2264.2,2512.3,2.0868,31.9346,0.976666,80822,322090,611088,611088,,,,,,,,,,,
"throttled real HTTP, loopback",main,eac-levels,cold,1,northrop-mall,webgl2,webgl2,ray,eac,constrained-mobile,stationary,off-axis,1,1081x2401,,,0,,,,,70,776310,776310,0,h2,6203265,601,16.68,18.32,18.655,18.79,0,0,0.05,1.465,1.665,0.285,0.56,1.6,"WebGL disjoint timer query, whole frames",true,0.870609,0,0,135.765,750283,69,0,0,54956,0,0,0,0,0,0,0,6,2,68,0,0,29506624,68,10236992,59,90624,0.0600001,0.23,2.365,3.065,0.24,,,59,2,1,2751.4,3001.4,2.4549,31.9252,0.976762,91139,312554,750283,750283,,,,,,,,,,,
"throttled real HTTP, loopback",main,eac-direct,cold,1,northrop-mall,webgl2,webgl2,ray,eac,constrained-mobile,stationary,off-axis,1,1081x2401,,,0,,,,,47,496812,496812,0,h2,6203265,601,16.66,18.11,18.435,18.56,0,0,0.045,1.7,2.3,0.31,0.605,1.33,"WebGL disjoint timer query, whole frames",true,0.933034,0,0,136.88,477685,46,0,0,54956,0,0,0,0,0,0,0,6,2,45,0,0,29506624,45,6774480,38,58368,0.0649999,0.25,2.4,3.43,0.245,,,38,2.76,1,2002.7,2254.3,2.43952,31.9252,0.976762,89747,324748,477685,477685,,,,,,,,,,,
"throttled real HTTP, loopback",main,control,cold,1,northrop-mall,webgl2,webgl2,ray,equirectangular (control),constrained-mobile,quick-turn,off-axis,1,1081x2401,,,0,,,,,6,13599,13599,0,h2,6203265,596,16.665,18.245,18.6,18.79,0,0,0,0.01,0.275,0.275,0.595,2.325,"WebGL disjoint timer query, whole frames",true,0.506285,0,0,177.37,13599,,,,,,,,,,,,,,,,,,,,,,,,,,,,,,0.46,,,,19.4315,16.1219,0.266471,,,,,,,0,0,1,131064,,19.0861,16.1219,,
"throttled real HTTP, loopback",main,cube-direct,cold,1,northrop-mall,webgl2,webgl2,ray,cube,constrained-mobile,quick-turn,off-axis,1,1081x2401,,,0,,,,,111,871320,871320,0,h2,6203265,601,16.67,18.18,18.49,18.69,0,0,0.045,1.99,3.735,0.29,0.7,1.975,"WebGL disjoint timer query, whole frames",true,0.808483,0,0,137.585,858208,110,23,21000,107886,0,0,0,0,0,0,0,6,2,86,0,0,29506624,86,12946784,72,110592,0.0550001,0.345,2.245,2.92,0.235,,,72,4.135,1,2005.1,2005.1,4.35776,31.5299,0.966898,85647,309384,858208,858208,,,,,,,,16.0027,15.5272,1405,1405
"throttled real HTTP, loopback",main,eac-residual,cold,1,northrop-mall,webgl2,webgl2,ray,eac,constrained-mobile,quick-turn,off-axis,1,1081x2401,,,0,,,,,124,1017724,1017724,0,h2,6203265,601,16.655,17.985,18.425,18.68,0,0,0.05,2.31,3.165,0.305,0.645,1.505,"WebGL disjoint timer query, whole frames",true,0.878418,0,0,135.665,998297,123,6,22500,101701,0,0,0,0,0,0,0,6,4,116,7226112,36820,29506624,116,17463104,105,161280,0.0549999,0.345,2.285,4.3,0.225,1.655,5.015,105,3.595,1,4252.6,4502.4,4.10431,32.3307,0.975667,80822,327784,976196,998297,,,,,,,,13.0453,19.2854,1652.6,1902.4
"throttled real HTTP, loopback",main,eac-levels,cold,1,northrop-mall,webgl2,webgl2,ray,eac,constrained-mobile,quick-turn,off-axis,1,1081x2401,,,0,,,,,117,1128471,1128471,0,h2,6203265,602,16.66,17.555,18.39,18.635,0,0,0.07,2.3,3.74,0.305,0.605,1.98,"WebGL disjoint timer query, whole frames",true,0.868255,0,0,132.745,1107544,116,9,18000,118227,0,0,0,0,0,0,0,6,2,106,0,0,29506624,106,15957664,94,144384,0.0549999,0.395,2.395,3.335,0.235,,,94,3.445,1,4515.5,4765.5,4.5326,32.2929,0.975736,91139,300317,988794,1107544,,,,,,,,13.4784,18.8145,1915.5,2165.5
"throttled real HTTP, loopback",main,eac-direct,cold,1,northrop-mall,webgl2,webgl2,ray,eac,constrained-mobile,quick-turn,off-axis,1,1081x2401,,,0,,,,,112,864423,864423,0,h2,6203265,601,16.67,18.165,18.59,18.695,0,0,0.05,2.245,3.125,0.295,0.625,1.675,"WebGL disjoint timer query, whole frames",true,0.918026,0,0,135.53,858796,111,21,28500,102369,0,0,0,0,0,0,0,6,3,89,0,12980,29506624,89,13398416,78,119808,0.0549999,0.395,2.27,2.935,0.23,,,78,2.765,1,4253.9,4253.9,5.10411,32.2929,0.975736,89747,324748,858796,858796,,,,,,,,16.1064,16.1865,1653.9,1653.9
"throttled real HTTP, loopback",main,control,cold,1,northrop-mall,webgl2,webgl2,ray,equirectangular (control),very-constrained,stationary,off-axis,1,1081x2401,,,0,,,,,6,13599,13599,0,h2,6203265,596,16.665,16.945,18,18.715,0,0,0.005,0.01,0.485,0.305,0.815,3.215,"WebGL disjoint timer query, whole frames",true,0.484402,0,0,342.835,13599,,,,,,,,,,,,,,,,,,,,,,,,,,,,,,0.65,,,,20.3101,14.7995,0.202026,,,,,,,0,0,1,131064,,,,,
"throttled real HTTP, loopback",main,cube-direct,cold,1,northrop-mall,webgl2,webgl2,ray,cube,very-constrained,stationary,off-axis,1,1081x2401,,,0,,,,,46,480679,480679,0,h2,6203265,601,16.665,18.165,18.455,18.68,0,0,0.05,1.27,1.675,0.29,0.785,1.975,"WebGL disjoint timer query, whole frames",true,0.913989,0,0,223.09,461867,45,0,0,61744,0,0,0,0,0,0,0,6,2,44,0,0,29506624,44,6623936,43,66048,0.0700001,0.405,2.405,2.71,0.275,,,43,2.06,1,4505.6,4505.6,5.05846,30.7284,0.967782,5196,85647,366665,461867,,,,,,,,,,,
"throttled real HTTP, loopback",main,eac-residual,cold,1,northrop-mall,webgl2,webgl2,ray,eac,very-constrained,stationary,off-axis,1,1081x2401,,,0,,,,,70,637115,637115,0,h2,6203265,601,16.66,18.395,18.635,18.81,0,0,0.08,1.305,2.245,0.31,0.695,2.095,"WebGL disjoint timer query, whole frames",true,0.865108,0,0,224.085,611088,69,0,0,44589,0,0,0,0,0,0,0,6,4,68,3462512,36820,29506624,68,10236992,66,101376,0.0649999,0.405,2.28,2.92,0.255,1.765,4.05,66,2.48,1,5255.1,6005.2,5.29858,31.9346,0.976666,8398,93537,369248,611088,,,,,,,,,,,
"throttled real HTTP, loopback",main,eac-levels,cold,1,northrop-mall,webgl2,webgl2,ray,eac,very-constrained,stationary,off-axis,1,1081x2401,,,0,,,,,70,776310,776310,0,h2,6203265,601,16.665,16.92,17.085,17.6,0,0,0.095,1.28,2.895,0.32,0.825,1.95,"WebGL disjoint timer query, whole frames",true,0.983021,0,0,221.53,750283,69,0,0,54956,0,0,0,0,0,0,0,6,1,68,0,0,29506624,68,10236992,68,104448,0.0550001,0.46,2.415,3.03,0.285,,,68,2.085,1,6254.5,7504.4,6.1412,31.9252,0.976762,8398,91139,362345,750283,,,,,,,,,,,
"throttled real HTTP, loopback",main,eac-direct,cold,1,northrop-mall,webgl2,webgl2,ray,eac,very-constrained,stationary,off-axis,1,1081x2401,,,0,,,,,47,496812,496812,0,h2,6203265,602,16.66,18.305,18.575,18.68,0,0,0.05,1.235,1.835,0.3,0.705,2.365,"WebGL disjoint timer query, whole frames",true,0.921292,0,0,212.06,477685,46,0,0,54956,0,0,0,0,0,0,0,6,2,45,0,0,29506624,45,6774480,44,67584,0.0600001,0.35,2.64,3.355,0.275,,,44,2.32,1,5010.4,5511.8,6.0903,31.9252,0.976762,5231,89747,374507,477685,,,,,,,,,,,
"throttled real HTTP, loopback",main,control,cold,1,northrop-mall,webgl2,webgl2,ray,equirectangular (control),very-constrained,quick-turn,off-axis,1,1081x2401,,,0,,,,,6,13599,13599,0,h2,6203265,596,16.665,16.96,17.12,17.675,0,0,0,0.01,0.575,0.295,0.895,3.43,"WebGL disjoint timer query, whole frames",true,0.486672,0,0,345.015,13599,,,,,,,,,,,,,,,,,,,,,,,,,,,,,,0.765,,,,19.4077,16.1219,0.266471,,,,,,,0,0,1,131064,,19.0861,16.1219,,
"throttled real HTTP, loopback",main,cube-direct,cold,1,northrop-mall,webgl2,webgl2,ray,cube,very-constrained,quick-turn,off-axis,1,1081x2401,,,0,,,,,86,565347,565347,0,h2,6203265,601,16.665,18.14,18.52,18.975,0,0,0.07,2.05,3.42,0.295,0.64,2.075,"WebGL disjoint timer query, whole frames",true,0.747728,0,0,220.92,556735,85,28,15000,76363,0,0,0,0,0,0,0,6,1,56,0,0,29506624,56,8430464,56,86016,0.0650001,0.19,2.085,2.7,0.26,,,56,2.25,1,6005,6255,8.03767,31.5299,0.966898,5196,85647,317036,556735,,,,,,,,16.0118,15.5181,3405,3655
"throttled real HTTP, loopback",main,eac-residual,cold,1,northrop-mall,webgl2,webgl2,ray,eac,very-constrained,quick-turn,off-axis,1,1081x2401,,,0,,,,,92,712513,712513,0,h2,6203265,601,16.66,18.06,18.315,18.44,0,0,0.11,2.505,4.21,0.31,0.69,1.74,"WebGL disjoint timer query, whole frames",true,0.863835,0,0,220.43,691586,91,8,10500,91969,0,0,0,0,0,0,0,6,4,82,5570128,36820,29506624,82,12344608,80,122880,0.0599999,0.385,2.265,3.09,0.255,1.75,4.94,80,3.65,1,6754.9,7754.3,7.70715,32.3307,0.975667,8398,80822,348297,691586,,,,,,,,16.4824,15.8483,4154.9,5154.3
"throttled real HTTP, loopback",main,eac-levels,cold,1,northrop-mall,webgl2,webgl2,ray,eac,very-constrained,quick-turn,off-axis,1,1081x2401,,,0,,,,,91,804710,804710,0,h2,6203265,601,16.655,18.31,18.585,18.72,0,0,0.115,2.09,2.805,0.305,0.76,2.075,"WebGL disjoint timer query, whole frames",true,0.907112,0,0,222.355,814383,90,11,40500,122572,0,0,0,0,0,0,0,6,1,78,0,0,29506624,78,11742432,78,119808,0.0600001,0.29,2.195,2.87,0.27,,,78,1.78,1,7755.5,8755.4,8.44632,32.2929,0.975736,8398,91139,345817,773072,,,,,,,,16.4446,15.8483,5155.5,6155.4
"throttled real HTTP, loopback",main,eac-direct,cold,1,northrop-mall,webgl2,webgl2,ray,eac,very-constrained,quick-turn,off-axis,1,1081x2401,,,0,,,,,87,590791,590791,0,h2,6203265,601,16.67,16.845,17.11,18.225,0,0,0.07,2.085,2.965,0.32,0.82,1.82,"WebGL disjoint timer query, whole frames",true,1.04444,0,0,235.54,568364,86,27,1500,80991,0,0,0,0,0,0,0,6,2,58,0,0,29506624,58,8731552,57,87552,0.0600001,0.23,2.18,2.835,0.25,,,57,2.475,1,6752.3,6752.3,9.08283,32.2929,0.975736,5231,89747,319511,568364,,,,,,,,16.5088,15.7842,4152.3,4152.3
"throttled real HTTP, loopback",main,control,cold,1,bookstore,webgl2,webgl2,ray,equirectangular (control),constrained-mobile,stationary,off-axis,1,1081x2401,,,0,,,,,7,1545189,1545189,0,h2,6203265,596,16.665,17.55,18.345,18.57,0,0,0,0.24,6.985,0.295,0.58,2.51,"WebGL disjoint timer query, whole frames",true,0.485084,0,0,178.51,1545189,,,,,,,,,,,,,,,,,,,,,,,,,,,,,,7.08,,7010.5,7010.5,17.9588,47.1104,0.997503,,,,,6794.92,6427.87,61.88,305.175,20,131064,100663288,,,,
"throttled real HTTP, loopback",main,cube-direct,cold,1,bookstore,webgl2,webgl2,ray,cube,constrained-mobile,stationary,off-axis,1,1081x2401,,,0,,,,,46,163325,163325,0,h2,6203265,601,16.67,18.02,18.62,18.675,0,0,0.04,1.315,2.285,0.285,0.725,1.655,"WebGL disjoint timer query, whole frames",true,0.945144,0,0,121.05,144526,45,0,0,23706,0,0,0,0,0,0,0,6,3,44,0,4521,29506624,44,6623936,34,52224,0.0549999,0.33,1.87,2.45,0.195,,,34,2.63,1,1005.7,1005.7,1.27707,42.0201,0.988568,73676,144526,144526,144526,,,,,,,,,,,
"throttled real HTTP, loopback",main,eac-residual,cold,1,bookstore,webgl2,webgl2,ray,eac,constrained-mobile,stationary,off-axis,1,1081x2401,,,0,,,,,70,232179,232179,0,h2,6203265,601,16.665,18.16,18.55,18.805,0,0,0.04,1.48,2.135,0.28,0.685,1.81,"WebGL disjoint timer query, whole frames",true,1.05573,0,0,119.02,206166,69,0,0,13147,0,0,0,0,0,0,0,6,4,68,3462512,12836,29506624,68,10236992,55,84480,0.05,0.345,2.11,4.685,0.2,1.44,3.815,55,2.67,1,1252.4,1752.4,1.29283,43.0863,0.989189,82673,198772,206166,206166,,,,,,,,,,,
"throttled real HTTP, loopback",main,eac-levels,cold,1,bookstore,webgl2,webgl2,ray,eac,constrained-mobile,stationary,off-axis,1,1081x2401,,,0,,,,,70,281984,281984,0,h2,6203265,601,16.665,18.185,18.565,18.74,0,0,0.05,1.67,2.385,0.29,0.61,1.84,"WebGL disjoint timer query, whole frames",true,0.896564,0,0,120.05,255971,69,0,0,15004,0,0,0,0,0,0,0,6,3,68,0,6938,29506624,68,10236992,53,81408,0.0649999,0.39,2.315,3.105,0.235,,,53,2.485,1,1503.3,1753.4,1.48119,43.6334,0.990422,79700,224811,255971,255971,,,,,,,,,,,
"throttled real HTTP, loopback",main,eac-direct,cold,1,bookstore,webgl2,webgl2,ray,eac,constrained-mobile,stationary,off-axis,1,1081x2401,,,0,,,,,47,173103,173103,0,h2,6203265,602,16.66,17.45,18.185,18.58,0,0,0.04,1.565,1.99,0.31,0.735,2.125,"WebGL disjoint timer query, whole frames",true,0.911342,0,0,112.025,153990,46,0,0,15004,0,0,0,0,0,0,0,6,2,45,0,0,29506624,45,6774480,37,56832,0.0600001,0.15,2.21,3.39,0.23,,,37,2.815,1,1262.5,1262.5,1.72042,43.6334,0.990422,80305,153990,153990,153990,,,,,,,,,,,
"throttled real HTTP, loopback",main,control,cold,1,bookstore,webgl2,webgl2,ray,equirectangular (control),constrained-mobile,quick-turn,off-axis,1,1081x2401,,,0,,,,,7,1545189,1545189,0,h2,6203265,596,16.67,18.185,18.61,18.74,0,0,0,0.205,7.89,0.28,0.67,2.725,"WebGL disjoint timer query, whole frames",true,0.483156,0,0,177.98,1545189,,,,,,,,,,,,,,,,,,,,,,,,,,,,,,7.99,,7011.3,7011.3,14.6465,44.1412,0.9944,,,,,6794.19,6425.08,62.63,306.48,20,131064,100663288,18.6681,25.4731,4411.3,4411.3
"throttled real HTTP, loopback",main,cube-direct,cold,1,bookstore,webgl2,webgl2,ray,cube,constrained-mobile,quick-turn,off-axis,1,1081x2401,,,0,,,,,117,307443,307443,0,h2,6203265,601,16.665,18.185,18.535,18.735,0,0,0.04,2.23,2.755,0.275,0.565,1.555,"WebGL disjoint timer query, whole frames",true,0.829419,0,0,122.99,282044,116,20,10500,42306,0,0,0,0,0,0,0,6,3,95,0,4521,29506624,95,14301680,70,107520,0.0450001,0.32,1.94,3.135,0.205,,,70,2.975,1,1006.2,1006.2,3.37197,44.1405,0.991787,73676,144526,282044,282044,,,,,,,,15.9146,28.2259,904.2,904.2
"throttled real HTTP, loopback",main,eac-residual,cold,1,bookstore,webgl2,webgl2,ray,eac,constrained-mobile,quick-turn,off-axis,1,1081x2401,,,0,,,,,151,470827,470827,0,h2,6203265,602,16.67,18.115,18.565,18.675,0,0,0.045,1.935,3.59,0.29,0.635,1.49,"WebGL disjoint timer query, whole frames",true,1.01161,0,0,116.015,421414,150,4,0,54284,0,0,0,0,0,0,0,6,5,145,7978832,19108,29506624,145,21828880,118,181248,0.05,0.38,2.165,4.74,0.2,1.38,4.92,118,2.905,1,1265.4,1516,2.73897,45.0041,0.991385,86416,206166,421414,421414,,,,,,,,9.58576,35.4184,915.9,1165.9
"throttled real HTTP, loopback",main,eac-levels,cold,1,bookstore,webgl2,webgl2,ray,eac,constrained-mobile,quick-turn,off-axis,1,1081x2401,,,0,,,,,149,551229,551229,0,h2,6203265,601,16.65,18.17,18.59,18.74,0,0,0.055,2.305,3.28,0.305,0.79,1.65,"WebGL disjoint timer query, whole frames",true,0.872193,0,0,119.965,511116,148,4,9000,46263,0,0,0,0,0,0,0,6,3,143,0,6938,29506624,143,21527792,120,184320,0.0500001,0.325,2.12,3.08,0.22,,,120,3.64,1,1503.3,1752.4,3.07404,46.0441,0.993112,79700,237879,511116,511116,,,,,,,,9.73071,36.3134,902.9,1153.1
"throttled real HTTP, loopback",main,eac-direct,cold,1,bookstore,webgl2,webgl2,ray,eac,constrained-mobile,quick-turn,off-axis,1,1081x2401,,,0,,,,,120,337034,337034,0,h2,6203265,601,16.66,18.075,18.495,18.74,0,0,0.045,2.215,2.82,0.295,0.695,1.635,"WebGL disjoint timer query, whole frames",true,0.867286,0,0,118.55,300521,119,17,1963,50225,0,0,0,0,0,0,0,6,3,101,0,5145,29506624,101,15204944,82,125952,0.0550001,0.36,2.115,3.235,0.22,,,82,2.795,1,1252.3,1252.3,4.35826,46.0441,0.993112,79193,153990,300521,300521,,,,,,,,20.4,25.6442,902.9,902.9
"throttled real HTTP, loopback",main,control,cold,1,bookstore,webgl2,webgl2,ray,equirectangular (control),very-constrained,stationary,off-axis,1,1081x2401,,,0,,,,,6,11063,11063,0,h2,6203265,596,16.665,18.355,18.585,18.745,0,0,0,0.01,0.9,0.285,0.9,2.97,"WebGL disjoint timer query, whole frames",true,0.519389,0,0,333.77,11063,,,,,,,,,,,,,,,,,,,,,,,,,,,,,,1.055,,,,25.9405,21.17,0.729301,,,,,,,0,0,1,131064,,,,,
"throttled real HTTP, loopback",main,cube-direct,cold,1,bookstore,webgl2,webgl2,ray,cube,very-constrained,stationary,off-axis,1,1081x2401,,,0,,,,,46,163325,163325,0,h2,6203265,601,16.675,18.245,18.615,18.675,0,0,0.04,1.15,11.18,0.29,0.82,1.87,"WebGL disjoint timer query, whole frames",true,0.756461,0,0,206.525,144526,45,0,0,23706,0,0,0,0,0,0,0,6,2,44,0,0,29506624,44,6623936,42,64512,0.0549999,0.185,2.055,2.785,0.235,,,42,11.31,1,2006.4,2006.4,2.70524,42.0201,0.988568,32893,100183,144526,144526,,,,,,,,,,,
"throttled real HTTP, loopback",main,eac-residual,cold,1,bookstore,webgl2,webgl2,ray,eac,very-constrained,stationary,off-axis,1,1081x2401,,,0,,,,,70,232179,232179,0,h2,6203265,601,16.67,18.165,18.535,18.645,0,0,0.04,1.255,3.215,0.29,0.735,2.01,"WebGL disjoint timer query, whole frames",true,0.989929,0,0,206.515,206166,69,0,0,13147,0,0,0,0,0,0,0,6,4,68,3462512,12836,29506624,68,10236992,65,99840,0.0600001,0.34,2.19,3.015,0.275,1.76,4.155,65,2.12,1,2504.9,3005.4,2.57608,43.0863,0.989189,34695,102608,206166,206166,,,,,,,,,,,
"throttled real HTTP, loopback",main,eac-levels,cold,1,bookstore,webgl2,webgl2,ray,eac,very-constrained,stationary,off-axis,1,1081x2401,,,0,,,,,70,281984,281984,0,h2,6203265,602,16.665,18.475,18.655,18.905,0,0,0.055,1.375,1.855,0.31,0.705,1.225,"WebGL disjoint timer query, whole frames",true,0.866129,0,0,200.465,255971,69,0,0,15004,0,0,0,0,0,0,0,6,2,68,0,0,29506624,68,10236992,64,98304,0.0600001,0.38,2.165,2.88,0.26,,,64,2.365,1,3000.3,3500.3,3.42516,43.6334,0.990422,22614,105933,255971,255971,,,,,,,,,,,
"throttled real HTTP, loopback",main,eac-direct,cold,1,bookstore,webgl2,webgl2,ray,eac,very-constrained,stationary,off-axis,1,1081x2401,,,0,,,,,47,173103,173103,0,h2,6203265,601,16.665,18.27,18.57,18.85,0,0,0.04,1.23,2.565,0.295,0.665,1.855,"WebGL disjoint timer query, whole frames",true,0.865204,0,0,204.195,153990,46,0,0,15004,0,0,0,0,0,0,0,6,2,45,0,0,29506624,45,6774480,44,67584,0.0649999,0.325,2.065,2.575,0.27,,,44,2.52,1,2255.6,2255.6,3.7181,43.6334,0.990422,23926,99949,153990,153990,,,,,,,,,,,
"throttled real HTTP, loopback",main,control,cold,1,bookstore,webgl2,webgl2,ray,equirectangular (control),very-constrained,quick-turn,off-axis,1,1081x2401,,,0,,,,,6,11063,11063,0,h2,6203265,596,16.665,18.145,18.605,18.73,0,0,0,0.01,0.37,0.29,0.825,3.26,"WebGL disjoint timer query, whole frames",true,0.558784,0,0,311.75,11063,,,,,,,,,,,,,,,,,,,,,,,,,,,,,,0.49,,,,20.2451,25.4731,0.860507,,,,,,,0,0,1,131064,,18.6681,25.4731,,
"throttled real HTTP, loopback",main,cube-direct,cold,1,bookstore,webgl2,webgl2,ray,cube,very-constrained,quick-turn,off-axis,1,1081x2401,,,0,,,,,108,280858,280858,0,h2,6203265,600,16.665,18.41,18.63,18.73,0,0,0.045,2.07,2.725,0.31,0.97,1.735,"WebGL disjoint timer query, whole frames",true,1.04005,0,0,194.87,248859,107,21,0,25286,0,0,0,0,0,0,0,6,2,85,0,0,29506624,85,12796240,84,129024,0.0550001,0.435,2.02,2.485,0.24,,,84,3.14,1,2011.5,2011.5,5.28829,44.1405,0.991787,32893,100183,248859,248859,,,,,,,,18.8675,25.2731,1411.4,1411.4
"throttled real HTTP, loopback",main,eac-residual,cold,1,bookstore,webgl2,webgl2,ray,eac,very-constrained,quick-turn,off-axis,1,1081x2401,,,0,,,,,117,332225,332225,0,h2,6203265,601,16.67,18.25,18.64,18.77,0,0,0.055,2.1,3.465,0.3,0.865,1.26,"WebGL disjoint timer query, whole frames",true,0.864987,0,0,202.99,305912,116,11,12000,27369,0,0,0,0,0,0,0,6,4,104,6774480,12836,29506624,104,15656576,101,155136,0.0599999,0.23,2.04,2.735,0.24,1.725,4.565,101,2.61,1,4252.9,4753.3,4.8652,45.0041,0.991385,34695,100584,287946,305912,,,,,,,,14.188,30.8161,1652.9,2153.3
"throttled real HTTP, loopback",main,eac-levels,cold,1,bookstore,webgl2,webgl2,ray,eac,very-constrained,quick-turn,off-axis,1,1081x2401,,,0,,,,,113,382279,382279,0,h2,6203265,601,16.675,18.145,18.525,18.695,0,0,0.075,2.12,3.73,0.31,0.655,1.95,"WebGL disjoint timer query, whole frames",true,0.868037,0,0,206.145,349966,112,11,4500,30833,0,0,0,0,0,0,0,6,2,100,0,0,29506624,100,15054400,97,148992,0.0599999,0.25,2.135,2.725,0.245,,,97,3.31,1,4504.8,5255.7,5.83125,46.0441,0.993112,29552,105933,301566,349966,,,,,,,,20.8591,25.185,1904.8,2655.7
"throttled real HTTP, loopback",main,eac-direct,cold,1,bookstore,webgl2,webgl2,ray,eac,very-constrained,quick-turn,off-axis,1,1081x2401,,,0,,,,,111,283659,283659,0,h2,6203265,602,16.665,18.09,18.5,18.7,0,0,0.045,2.625,3.815,0.31,0.82,2.255,"WebGL disjoint timer query, whole frames",true,1.10688,0,0,193.025,252546,110,25,0,18244,0,0,0,0,0,0,0,6,1,84,0,0,29506624,84,12645696,84,129024,0.0550001,0.255,2.265,3.205,0.27,,,84,3.695,1,4260.8,4260.8,7.15221,46.0441,0.993112,26547,102054,252546,252546,,,,,,,,20.7604,25.2837,1660.8,1660.8
"throttled real HTTP, loopback",main,control,cold,1,superblock,webgl2,webgl2,ray,equirectangular (control),constrained-mobile,stationary,off-axis,1,1081x2401,,,0,,,,,6,14936,14936,0,h2,6203265,596,16.67,18.12,18.615,18.685,0,0,0,0.01,0.385,0.275,0.605,2.48,"WebGL disjoint timer query, whole frames",true,0.56697,0,0,197.685,14936,,,,,,,,,,,,,,,,,,,,,,,,,,,,,,0.555,,,,22.8572,21.3119,0.662822,,,,,,,0,0,1,131064,,,,,
"throttled real HTTP, loopback",main,cube-direct,cold,1,superblock,webgl2,webgl2,ray,cube,constrained-mobile,stationary,off-axis,1,1081x2401,,,0,,,,,46,258605,258605,0,h2,6203265,602,16.665,17.205,18.1,18.655,0,0,0.045,1.675,4.825,0.325,0.76,1.24,"WebGL disjoint timer query, whole frames",true,0.81565,0,0,129.505,239794,45,0,0,59895,0,0,0,0,0,0,0,6,2,44,0,0,29506624,44,6623936,32,49152,0.05,0.32,2.39,3.845,0.195,,,32,5.335,1,1262.8,1262.8,1.17588,37.9041,0.982455,81816,239794,239794,239794,,,,,,,,,,,
"throttled real HTTP, loopback",main,eac-residual,cold,1,superblock,webgl2,webgl2,ray,eac,constrained-mobile,stationary,off-axis,1,1081x2401,,,0,,,,,70,410442,410442,0,h2,6203265,602,16.665,16.795,16.945,17.46,0,0,0.045,1.8,3.37,0.325,0.85,2.325,"WebGL disjoint timer query, whole frames",true,0.997951,0,0,129.71,384418,69,0,0,37129,0,0,0,0,0,0,0,6,5,68,3462512,28134,29506624,68,10236992,57,87552,0.05,0.425,2.21,5.135,0.21,1.27,3.905,57,3.695,1,1763.1,2013.1,1.54774,39.6258,0.986569,108454,290961,384418,384418,,,,,,,,,,,
"throttled real HTTP, loopback",main,eac-levels,cold,1,superblock,webgl2,webgl2,ray,eac,constrained-mobile,stationary,off-axis,1,1081x2401,,,0,,,,,70,500320,500320,0,h2,6203265,601,16.66,18.065,18.29,18.55,0,0,0.05,1.505,2.405,0.305,0.65,1.8,"WebGL disjoint timer query, whole frames",true,0.865628,0,0,139.755,474296,69,0,0,48239,0,0,0,0,0,0,0,6,3,68,0,760,29506624,68,10236992,61,93696,0.0599999,0.33,2.15,2.935,0.23,,,61,2.755,1,2006.7,2256.7,1.90154,39.8543,0.987605,104586,308047,474296,474296,,,,,,,,,,,
"throttled real HTTP, loopback",main,eac-direct,cold,1,superblock,webgl2,webgl2,ray,eac,constrained-mobile,stationary,off-axis,1,1081x2401,,,0,,,,,47,283406,283406,0,h2,6203265,601,16.68,18.225,18.595,18.74,0,0,0.04,1.475,3.18,0.285,0.565,1.72,"WebGL disjoint timer query, whole frames",true,0.869051,0,0,124.81,264282,46,0,0,48239,0,0,0,0,0,0,0,6,2,45,0,0,29506624,45,6774480,38,58368,0.0650001,0.375,2.315,2.915,0.23,,,38,3.595,1,1258.5,1258.5,1.58528,39.8543,0.987605,98033,264282,264282,264282,,,,,,,,,,,
"throttled real HTTP, loopback",main,control,cold,1,superblock,webgl2,webgl2,ray,equirectangular (control),constrained-mobile,quick-turn,off-axis,1,1081x2401,,,0,,,,,6,14936,14936,0,h2,6203265,595,16.67,18.195,18.66,18.9,0,0,0,0.01,0.36,0.28,0.625,2.405,"WebGL disjoint timer query, whole frames",true,0.702675,0,0,186.27,14936,,,,,,,,,,,,,,,,,,,,,,,,,,,,,,0.54,,,,20.8274,17.5586,0.293983,,,,,,,0,0,1,131064,,20.239,17.5586,,
"throttled real HTTP, loopback",main,cube-direct,cold,1,superblock,webgl2,webgl2,ray,cube,constrained-mobile,quick-turn,off-axis,1,1081x2401,,,0,,,,,117,721432,721432,0,h2,6203265,601,16.66,17.61,18.375,18.63,0,0,0.045,2.235,2.84,0.305,0.775,1.36,"WebGL disjoint timer query, whole frames",true,0.757245,0,0,139.305,702621,116,23,16500,114914,0,0,0,0,0,0,0,6,3,92,0,9205,29506624,92,13850048,78,119808,0.0600001,0.35,2.26,3.27,0.235,,,78,2.79,1,1256,1256,3.70262,34.0468,0.978795,82669,239794,702621,702621,,,,,,,,16.9042,17.1426,1406.4,1406.4
"throttled real HTTP, loopback",main,eac-residual,cold,1,superblock,webgl2,webgl2,ray,eac,constrained-mobile,quick-turn,off-axis,1,1081x2401,,,0,,,,,144,1025708,1025708,0,h2,6203265,601,16.66,18.41,18.665,18.715,0,0,0.055,1.98,2.59,0.305,0.695,1.895,"WebGL disjoint timer query, whole frames",true,0.872571,0,0,137.665,1007784,143,8,36026,119331,0,0,0,0,0,0,0,6,5,134,7075568,28134,29506624,134,20172896,112,172032,0.0500001,0.195,2.345,4.58,0.205,1.645,4.59,112,2.66,1,1754.3,2004.4,3.9646,34.59,0.98387,100348,288687,939027,1007784,,,,,,,,14.3738,20.2162,1904.3,1904.3
"throttled real HTTP, loopback",main,eac-levels,cold,1,superblock,webgl2,webgl2,ray,eac,constrained-mobile,quick-turn,off-axis,1,1081x2401,,,0,,,,,138,1192284,1192284,0,h2,6203265,601,16.665,16.9,17.235,19.59,0,0,0.08,1.74,2.615,0.315,0.61,1.315,"WebGL disjoint timer query, whole frames",true,1.02586,0,0,134.675,1174960,137,9,28500,100191,0,0,0,0,0,0,0,6,3,127,0,861,29506624,127,19119088,116,178176,0.0549999,0.31,2.4,3.23,0.25,,,116,2.79,1,2001.4,5001.4,4.50581,34.5791,0.983843,104586,308047,949510,1174960,,,,,,,,14.4544,20.1247,2151.4,2401.4
"throttled real HTTP, loopback",main,eac-direct,cold,1,superblock,webgl2,webgl2,ray,eac,constrained-mobile,quick-turn,off-axis,1,1081x2401,,,0,,,,,117,759521,759521,0,h2,6203265,601,16.65,18.07,18.475,18.65,0,0,0.045,1.66,2.985,0.295,0.695,1.63,"WebGL disjoint timer query, whole frames",true,0.893413,0,0,136.81,735597,116,21,12000,128285,0,0,0,0,0,0,0,6,2,94,0,0,29506624,94,14151136,85,130560,0.0549999,0.295,2.175,3.09,0.235,,,85,2.545,1,1252.9,1252.9,4.43385,34.5791,0.983843,98033,264282,735597,735597,,,,,,,,17.3612,17.2179,1653.3,1901.5
"throttled real HTTP, loopback",main,control,cold,1,superblock,webgl2,webgl2,ray,equirectangular (control),very-constrained,stationary,off-axis,1,1081x2401,,,0,,,,,6,14936,14936,0,h2,6203265,595,16.67,16.97,17.11,17.685,0,0,0,0.01,0.575,0.305,0.755,2.99,"WebGL disjoint timer query, whole frames",true,0.488064,0,0,353.315,14936,,,,,,,,,,,,,,,,,,,,,,,,,,,,,,0.77,,,,22.8572,21.3119,0.662822,,,,,,,0,0,1,131064,,,,,
"throttled real HTTP, loopback",main,cube-direct,cold,1,superblock,webgl2,webgl2,ray,cube,very-constrained,stationary,off-axis,1,1081x2401,,,0,,,,,46,258605,258605,0,h2,6203265,601,16.66,17.89,18.595,18.69,0,0,0.045,1.105,1.68,0.305,0.615,1.82,"WebGL disjoint timer query, whole frames",true,0.752961,0,0,219.705,239794,45,0,0,59895,0,0,0,0,0,0,0,6,1,44,0,0,29506624,44,6623936,44,67584,0.0650001,0.145,2.105,2.945,0.25,,,44,2.225,1,2502.8,2502.8,2.78284,37.9041,0.982455,10518,106725,239794,239794,,,,,,,,,,,
"throttled real HTTP, loopback",main,eac-residual,cold,1,superblock,webgl2,webgl2,ray,eac,very-constrained,stationary,off-axis,1,1081x2401,,,0,,,,,70,410442,410442,0,h2,6203265,601,16.665,17.61,18.075,18.66,0,0,0.05,1.22,6.88,0.295,0.655,2.015,"WebGL disjoint timer query, whole frames",true,0.865409,0,0,221.505,384418,69,0,0,37129,0,0,0,0,0,0,0,6,5,68,3462512,28134,29506624,68,10236992,66,101376,0.0549999,0.255,1.81,2.88,0.215,1.52,3.66,66,2.015,1,3754.3,4254.2,3.91664,39.6258,0.986569,10962,117257,341263,384418,,,,,,,,,,,
"throttled real HTTP, loopback",main,eac-levels,cold,1,superblock,webgl2,webgl2,ray,eac,very-constrained,stationary,off-axis,1,1081x2401,,,0,,,,,70,500320,500320,0,h2,6203265,601,16.665,16.865,17.715,18.605,0,0,0.065,1.22,2.505,0.32,0.72,1.65,"WebGL disjoint timer query, whole frames",true,0.990708,0,0,221.69,474296,69,0,0,48239,0,0,0,0,0,0,0,6,1,68,0,0,29506624,68,10236992,68,104448,0.0599999,0.345,2.24,2.785,0.28,,,68,2.095,1,4255.1,5005,4.57632,39.8543,0.987605,5513,104586,352049,474296,,,,,,,,,,,
"throttled real HTTP, loopback",main,eac-direct,cold,1,superblock,webgl2,webgl2,ray,eac,very-constrained,stationary,off-axis,1,1081x2401,,,0,,,,,47,283406,283406,0,h2,6203265,601,16.665,18.11,18.54,18.7,0,0,0.045,1.32,1.67,0.29,0.635,1.855,"WebGL disjoint timer query, whole frames",true,1.09136,0,0,209.42,264282,46,0,0,48239,0,0,0,0,0,0,0,6,1,45,0,0,29506624,45,6774480,45,69120,0.0599999,0.345,2.23,2.85,0.275,,,45,2.2,1,2759.5,2759.5,3.77675,39.8543,0.987605,30107,106283,264282,264282,,,,,,,,,,,
"throttled real HTTP, loopback",main,control,cold,1,superblock,webgl2,webgl2,ray,equirectangular (control),very-constrained,quick-turn,off-axis,1,1081x2401,,,0,,,,,6,14936,14936,0,h2,6203265,596,16.66,18.37,18.58,18.795,0,0,0,0.01,0.975,0.305,0.875,2.995,"WebGL disjoint timer query, whole frames",true,0.419505,0,0,346.88,14936,,,,,,,,,,,,,,,,,,,,,,,,,,,,,,1.205,,,,20.7773,17.5586,0.293983,,,,,,,0,0,1,131064,,20.239,17.5586,,
"throttled real HTTP, loopback",main,cube-direct,cold,1,superblock,webgl2,webgl2,ray,cube,very-constrained,quick-turn,off-axis,1,1081x2401,,,0,,,,,102,580485,580485,0,h2,6203265,601,16.675,18.165,18.585,18.705,0,0,0.07,2.035,3.055,0.3,0.625,1.855,"WebGL disjoint timer query, whole frames",true,0.74971,0,0,220.25,564374,101,30,12000,94428,0,0,0,0,0,0,0,6,1,70,0,0,29506624,70,10538080,70,107520,0.0599999,0.125,2.14,2.685,0.25,,,70,2.45,1,6504.8,6504.8,8.0534,34.0468,0.978795,10518,106725,292787,564374,,,,,,,,16.9937,17.0531,3904.8,3904.8
"throttled real HTTP, loopback",main,eac-residual,cold,1,superblock,webgl2,webgl2,ray,eac,very-constrained,quick-turn,off-axis,1,1081x2401,,,0,,,,,100,765225,765225,0,h2,6203265,601,16.66,18.315,18.59,18.705,0,0,0.115,2.21,4.205,0.3,0.765,2.065,"WebGL disjoint timer query, whole frames",true,0.87106,0,0,210.645,753001,99,12,21000,72732,0,0,0,0,0,0,0,6,5,86,6172304,28134,29506624,86,12946784,82,125952,0.0650001,0.425,2.28,2.89,0.255,1.775,5,82,4.65,1,7509.1,8260.3,8.20153,34.59,0.98387,16470,117257,344611,753001,,,,,,,,17.2487,17.3413,4909.1,5660.3
"throttled real HTTP, loopback",main,eac-levels,cold,1,superblock,webgl2,webgl2,ray,eac,very-constrained,quick-turn,off-axis,1,1081x2401,,,0,,,,,88,819055,819055,0,h2,6203265,601,16.655,18.13,18.6,18.74,0,0,0.115,2.135,8.97,0.3,0.66,1.975,"WebGL disjoint timer query, whole frames",true,0.862714,0,0,221.405,828131,93,18,39000,31244,0,0,0,0,0,0,0,6,1,73,0,0,29506624,73,10989712,73,112128,0.0649999,0.23,2.22,3.08,0.255,,,73,9.1,1,8502.4,9504.3,9.31472,34.0373,0.982224,5513,104586,342995,793887,,,,,,,,17.2378,17.3413,5902.4,6904.3
"throttled real HTTP, loopback",main,eac-direct,cold,1,superblock,webgl2,webgl2,ray,eac,very-constrained,quick-turn,off-axis,1,1081x2401,,,0,,,,,102,611226,611226,0,h2,6203265,601,16.665,18.07,18.53,18.64,0,0,0.07,2.165,3.485,0.305,0.63,1.865,"WebGL disjoint timer query, whole frames",true,1.13034,0,0,222.565,584602,101,25,3000,64345,0,0,0,0,0,0,0,6,2,75,0,0,29506624,75,11290800,74,113664,0.0599999,0.335,2.22,2.79,0.27,,,74,2.325,1,6757.5,7257.5,9.67984,34.5791,0.983843,30107,98894,331841,584602,,,,,,,,17.4589,17.1202,4157.5,4657.5
"throttled real HTTP, loopback",warm,eac-direct,cold,0,northrop-mall,webgl2,webgl2,ray,eac,constrained-mobile,stationary,off-axis,1,1081x2401,,,0,,,,,47,496812,496812,0,h2,6203265,601,16.665,18.14,18.585,18.75,0,0,0.04,1.49,2.255,0.28,0.61,1.795,"WebGL disjoint timer query, whole frames",true,1.1627,0,0,121.16,477685,46,0,0,54956,0,0,0,0,0,0,0,6,3,45,0,12980,29506624,45,6774480,40,61440,0.0650001,0.375,2.35,3.14,0.23,,,40,2.605,1,2005.7,2254.1,2.37131,31.9252,0.976762,89747,337854,477685,477685,,,,,,,,,,,
"throttled real HTTP, loopback",warm,eac-direct,warm,0,northrop-mall,webgl2,webgl2,ray,eac,constrained-mobile,stationary,off-axis,1,1081x2401,,,0,,,,,47,496812,496812,0,h2,6203265,601,16.665,16.805,17.06,17.51,0,0,0.045,1.34,1.89,0.31,0.63,1.8,"WebGL disjoint timer query, whole frames",true,0.989611,0,0,119.78,477685,46,0,0,54956,0,0,0,0,0,0,0,6,2,45,0,0,29506624,45,6774480,38,58368,0.0599999,0.135,2.435,3.42,0.255,,,38,2.41,1,2003.2,2253.3,2.35609,31.9252,0.976762,89747,345781,477685,477685,,,,,,,,,,,
"throttled real HTTP, loopback",warm,control,cold,0,northrop-mall,webgl2,webgl2,ray,equirectangular (control),constrained-mobile,stationary,off-axis,1,1081x2401,,,0,,,,,6,13599,13599,0,h2,6203265,596,16.675,18.265,18.665,18.735,0,0,0,0.01,0.33,0.28,0.615,2.355,"WebGL disjoint timer query, whole frames",true,0.515437,0,0,180.35,13599,,,,,,,,,,,,,,,,,,,,,,,,,,,,,,0.5,,,,20.3101,14.7995,0.202026,,,,,,,0,0,1,131064,,,,,
"throttled real HTTP, loopback",warm,control,warm,0,northrop-mall,webgl2,webgl2,ray,equirectangular (control),constrained-mobile,stationary,off-axis,1,1081x2401,,,0,,,,,6,13599,13599,0,h2,6203265,596,16.66,18.295,18.59,19.065,0,0,0,0.01,0.34,0.29,0.575,1.96,"WebGL disjoint timer query, whole frames",true,0.437191,0,0,181.895,13599,,,,,,,,,,,,,,,,,,,,,,,,,,,,,,0.53,,,,20.3101,14.7995,0.202026,,,,,,,0,0,1,131064,,,,,
"throttled real HTTP, loopback",warm,control,cold,1,northrop-mall,webgl2,webgl2,ray,equirectangular (control),constrained-mobile,stationary,off-axis,1,1081x2401,,,0,,,,,6,13599,13599,0,h2,6203265,596,16.665,18.365,18.595,18.675,0,0,0,0.01,0.33,0.29,0.61,2.56,"WebGL disjoint timer query, whole frames",true,0.423422,0,0,194.46,13599,,,,,,,,,,,,,,,,,,,,,,,,,,,,,,0.475,,,,20.3101,14.7995,0.202026,,,,,,,0,0,1,131064,,,,,
"throttled real HTTP, loopback",warm,control,warm,1,northrop-mall,webgl2,webgl2,ray,equirectangular (control),constrained-mobile,stationary,off-axis,1,1081x2401,,,0,,,,,6,13599,13599,0,h2,6203265,596,16.675,18.085,18.565,19.935,0,0,0,0.01,0.36,0.28,0.605,2.385,"WebGL disjoint timer query, whole frames",true,0.42502,0,0,179.98,13599,,,,,,,,,,,,,,,,,,,,,,,,,,,,,,0.52,,,,20.3101,14.7995,0.202026,,,,,,,0,0,1,131064,,,,,
"throttled real HTTP, loopback",warm,eac-direct,cold,1,northrop-mall,webgl2,webgl2,ray,eac,constrained-mobile,stationary,off-axis,1,1081x2401,,,0,,,,,47,496812,496812,0,h2,6203265,601,16.67,18.085,18.615,18.765,0,0,0.04,1.575,2.21,0.275,0.545,1.85,"WebGL disjoint timer query, whole frames",true,0.866793,0,0,120.25,477685,46,0,0,54956,0,0,0,0,0,0,0,6,3,45,0,12980,29506624,45,6774480,37,56832,0.0549999,0.265,2.15,3.19,0.24,,,37,2.64,1,2004.9,2252.9,2.41195,31.9252,0.976762,89747,324748,477685,477685,,,,,,,,,,,
"throttled real HTTP, loopback",warm,eac-direct,warm,1,northrop-mall,webgl2,webgl2,ray,eac,constrained-mobile,stationary,off-axis,1,1081x2401,,,0,,,,,47,496812,496812,0,h2,6203265,602,16.66,17.89,18.125,18.27,0,0,0.04,1.175,2,0.305,0.645,1.46,"WebGL disjoint timer query, whole frames",true,0.862777,0,0,125.72,477685,46,0,0,54956,0,0,0,0,0,0,0,6,3,45,0,12980,29506624,45,6774480,41,62976,0.0600001,0.14,2.15,2.585,0.22,,,41,1.81,1,2009,2259.1,2.40154,31.9252,0.976762,89747,337854,477685,477685,,,,,,,,,,,
"throttled real HTTP, loopback",stress,eac-direct-64-slots,cold,0,northrop-mall,webgl2,webgl2,ray,eac,moderate-mobile,explore,face-centre,3,1081x2401,,,0,,,,,249,2297771,2297771,0,h2,6203265,2882,16.67,18.25,18.58,18.745,0,0,0.79,2.675,5.1,0.19,0.66,1.545,"WebGL disjoint timer query, whole frames",true,1.10373,0,0,58.64,10419542,1145,1,7969,561041,0,0,1079,793,0,0,0,6,5,64,0,41505,9634816,1143,172071792,893,1371648,0.045,0.2,2.025,3.095,0.21,,,893,4.455,1,1008.5,1008.5,0.464584,30.1707,0.972638,410992,557248,853237,2222704,,,,,,,,,,,
"throttled real HTTP, loopback",stress,eac-residual-64-slots-4MiB,cold,0,northrop-mall,webgl2,webgl2,ray,eac,moderate-mobile,explore,face-centre,3,1081x2401,,,0,,,,,249,1961016,1961016,0,h2,6203265,2882,16.665,17.18,18.205,18.83,0,0,0.96,2.93,7.665,0.2,0.74,1.39,"WebGL disjoint timer query, whole frames",true,0.942932,0,0,60.355,17943565,2330,9,10500,2636370,0,0,2002,1858,76,0,174,6,9,64,4064688,91363,9634816,2066,311023904,1507,2314752,0.035,0.2,2.205,4.36,0.175,1.25,3.635,1507,7.82,1,1260.4,1260.4,0.420235,30.2328,0.972667,394362,736494,1160830,3525171,,,,,,,,,,,
"throttled real HTTP, loopback",failures,eac-direct-1-in-4-fail,cold,0,northrop-mall,webgl2,webgl2,ray,eac,constrained-mobile,quick-turn,off-axis,1,1081x2401,,,0,,,,,133,847809,847809,0,h2,6203265,601,16.665,18.13,18.585,18.695,0,0,0.05,2.27,2.79,0.295,0.63,1.71,"WebGL disjoint timer query, whole frames",true,0.895775,0,0,123.735,830302,132,18,24000,107550,29,29,0,21,0,0,0,6,2,84,0,0,29506624,84,12645696,76,116736,0.0599999,0.34,2.215,2.965,0.235,,,76,3.25,1,5007,5007,5.82482,32.2929,0.975736,87272,293277,809090,830302,,,,,,,,16.3178,15.9752,2407,2407
"throttled real HTTP, loopback",failures,eac-direct-500ms-late,cold,0,northrop-mall,webgl2,webgl2,ray,eac,constrained-mobile,quick-turn,off-axis,1,1081x2401,,,0,,,,,90,589891,589891,0,h2,6203265,602,16.67,18.205,18.57,18.76,0,0,0.065,2.31,4.325,0.305,0.685,2.355,"WebGL disjoint timer query, whole frames",true,1.0243,0,0,128.915,566864,89,30,0,56127,0,0,0,0,0,0,0,6,2,58,0,0,29506624,58,8731552,55,84480,0.0600001,0.31,2.39,3.29,0.235,,,55,4.865,1,6510.9,6510.9,8.4751,32.2929,0.975736,5231,144616,356295,566864,,,,,,,,16.5105,15.7824,3910.9,3910.9
"throttled real HTTP, loopback",backends,eac-direct,cold,0,northrop-mall,webgl1,webgl1,ray,eac,none,stationary,off-axis,1,1081x2401,,,0,,,,,47,496812,496812,0,h2,6203265,601,16.665,16.83,17.06,17.39,0,0,0.04,1.27,1.53,0.27,0.575,1.665,"WebGL disjoint timer query, whole frames",false,,0,0,6.71,477685,46,0,0,54956,0,0,0,0,0,0,0,6,14,45,0,130748,29506624,45,6774480,23,35328,0.0250001,0.095,1.425,2.52,0.105,,,23,1.81,1,503.1,503.1,0.188888,31.9252,0.976762,477685,477685,477685,477685,,,,,,,,,,,
"throttled real HTTP, loopback",backends,eac-direct-mesh,cold,0,northrop-mall,webgl1,webgl1,mesh,eac,none,stationary,off-axis,1,1081x2401,,,0,,,,,47,496812,496812,0,h2,6203265,602,16.665,17.09,17.345,17.495,0,0,0.045,1.175,2.275,0.315,0.63,2.135,"WebGL disjoint timer query, whole frames",false,,0,0,6.205,477685,46,0,0,54956,0,0,0,0,0,0,0,6,14,45,0,130748,29506624,45,6774480,23,35328,0.03,0.0849999,1.32,2.945,0.125,,,23,2.685,12288,505.9,505.9,0.188888,31.9252,0.976762,477685,477685,477685,477685,,,,,,,,,,,
"throttled real HTTP, loopback",backends,eac-residual,cold,0,northrop-mall,webgl1,webgl1,ray,eac,none,stationary,off-axis,1,1081x2401,,,0,,,,,70,637115,637115,0,h2,6203265,602,16.665,17.56,17.705,18.425,0,0,0.04,0.845,1.295,0.245,0.485,0.92,"WebGL disjoint timer query, whole frames",false,,0,0,6.5,611088,69,0,0,44589,0,0,0,0,0,0,0,6,14,68,3462512,115584,29506624,68,10236992,34,52224,0.015,0.095,1.445,2.605,0.0849999,0.77,2.035,34,1.465,1,508.1,508.1,0.168169,31.9346,0.976666,611088,611088,611088,611088,,,,,,,,,,,
"throttled real HTTP, loopback",backends,control,cold,0,northrop-mall,webgl1,webgl1,ray,equirectangular (control),none,stationary,off-axis,1,1081x2401,,,0,,,,,7,4905259,4905259,0,h2,6203265,590,16.665,17.45,17.65,18.835,0,0,0.005,0.115,6.225,0.255,0.515,0.875,"WebGL disjoint timer query, whole frames",false,,0,0,205.68,4905259,,,,,,,,,,,,,,,,,,,,,,,,,,,,,,6.485,,757,757,1.04154,35.1096,0.99461,,,,,575.295,215.195,61.15,298.95,20,131064,75497472,,,,
"throttled real HTTP, loopback",backends,eac-direct,cold,0,northrop-mall,webgl1,webgl1,ray,eac,none,explore,face-centre,1,1081x2401,,,0,,,,,249,2383629,2383629,0,h2,6203265,962,16.66,17.4,17.63,17.755,0,0,0.805,2.11,5.78,0.215,0.785,1.645,"WebGL disjoint timer query, whole frames",false,,0,0,8.6,3615969,395,0,0,196591,0,0,198,43,0,0,0,6,14,196,0,141131,29506624,394,59314336,312,479232,0.045,0.13,1.815,2.82,0.2,,,312,3.03,1,509,509,0.100018,30.1732,0.972692,641036,735791,977384,2327553,,,,,,,,,,,
"throttled real HTTP, loopback",backends,eac-direct-mesh,cold,0,northrop-mall,webgl1,webgl1,mesh,eac,none,explore,face-centre,1,1081x2401,,,0,,,,,249,2381458,2381458,0,h2,6203265,962,16.66,17.38,17.605,17.685,0,0,0.815,2.655,3.5,0.24,0.785,1.785,"WebGL disjoint timer query, whole frames",false,,0,0,8.21,3617558,395,0,0,196591,0,0,198,43,0,0,0,6,14,196,0,145832,29506624,394,59314336,309,474624,0.045,0.15,1.92,2.76,0.205,,,309,3.22,12288,505.9,505.9,0.0984428,30.1702,0.972615,637606,737380,978973,2329142,,,,,,,,,,,
"throttled real HTTP, loopback",backends,eac-residual,cold,0,northrop-mall,webgl1,webgl1,ray,eac,none,explore,face-centre,1,1081x2401,,,0,,,,,249,2088380,2088380,0,h2,6203265,962,16.66,17.285,17.625,17.755,0,0,0.84,2.535,2.93,0.215,0.76,1.8,"WebGL disjoint timer query, whole frames",false,,0,0,8.32,3968422,506,0,0,1018839,0,0,309,33,0,0,0,6,15,196,18366368,152325,29506624,505,76024720,374,574464,0.04,0.17,1.915,3.795,0.175,1.34,2.45,374,3.185,1,506.9,756.3,0.134985,30.2362,0.972682,699057,823605,1159537,2725322,,,,,,,,,,,
"throttled real HTTP, loopback",backends,control,cold,0,northrop-mall,webgl1,webgl1,ray,equirectangular (control),none,explore,face-centre,1,1081x2401,,,0,,,,,7,4905259,4905259,0,h2,6203265,956,16.665,16.965,17.08,17.65,0,0,0,0.04,6.41,0.21,0.485,1.07,"WebGL disjoint timer query, whole frames",false,,0,0,104.44,4905259,,,,,,,,,,,,,,,,,,,,,,,,,,,,,,6.68,,512.3,512.3,0.323396,35.1634,0.996244,,,,,480.275,113.71,61.125,305.44,20,131064,75497472,,,,
"throttled real HTTP, loopback",backends,eac-direct,cold,0,northrop-mall,webgl2,webgl2,ray,eac,none,stationary,off-axis,1,1081x2401,,,0,,,,,47,496812,496812,0,h2,6203265,602,16.66,17.565,17.67,17.865,0,0,0.04,0.99,1.385,0.275,0.595,1.78,"WebGL disjoint timer query, whole frames",true,1.09177,0,0,6.945,477685,46,0,0,54956,0,0,0,0,0,0,0,6,14,45,0,130748,29506624,45,6774480,23,35328,0.025,0.095,1.45,2.205,0.105,,,23,1.67,1,512.7,512.7,0.185006,31.9252,0.976762,477685,477685,477685,477685,,,,,,,,,,,
"throttled real HTTP, loopback",backends,eac-direct-mesh,cold,0,northrop-mall,webgl2,webgl2,mesh,eac,none,stationary,off-axis,1,1081x2401,,,0,,,,,47,496812,496812,0,h2,6203265,601,16.665,17.505,17.67,17.75,0,0,0.04,0.94,1.17,0.29,0.59,1.705,"WebGL disjoint timer query, whole frames",true,0.669507,0,0,6.975,477685,46,0,0,54956,0,0,0,0,0,0,0,6,14,45,0,130748,29506624,45,6774480,23,35328,0.02,0.075,1.245,2.145,0.095,,,23,1.68,12288,503.9,503.9,0.188888,31.9252,0.976762,477685,477685,477685,477685,,,,,,,,,,,
"throttled real HTTP, loopback",backends,eac-residual,cold,0,northrop-mall,webgl2,webgl2,ray,eac,none,stationary,off-axis,1,1081x2401,,,0,,,,,70,637115,637115,0,h2,6203265,601,16.66,17.565,17.67,17.96,0,0,0.035,1.06,1.585,0.27,0.62,1.745,"WebGL disjoint timer query, whole frames",true,0.866363,0,0,6.52,611088,69,0,0,44589,0,0,0,0,0,0,0,6,14,68,3462512,115584,29506624,68,10236992,34,52224,0.02,0.0949999,1.605,3.075,0.0949999,0.965,2.395,34,1.875,1,504.3,504.3,0.181331,31.9346,0.976666,611088,611088,611088,611088,,,,,,,,,,,
"throttled real HTTP, loopback",backends,control,cold,0,northrop-mall,webgl2,webgl2,ray,equirectangular (control),none,stationary,off-axis,1,1081x2401,,,0,,,,,7,4905259,4905259,0,h2,6203265,595,16.665,17.295,17.645,21.22,1,0,0,0.095,6.26,0.28,0.565,0.92,"WebGL disjoint timer query, whole frames",true,0.601829,0,0,105.24,4905259,,,,,,,,,,,,,,,,,,,,,,,,,,,,,,6.56,,503.5,503.5,0.520771,35.1096,0.99461,,,,,470.71,114.31,60.14,296.26,20,131064,100663288,,,,
"throttled real HTTP, loopback",backends,eac-direct,cold,0,northrop-mall,webgl2,webgl2,ray,eac,none,explore,face-centre,1,1081x2401,,,0,,,,,249,2381458,2381458,0,h2,6203265,962,16.665,17.445,17.635,17.79,0,0,0.785,2.28,3.115,0.23,0.725,1.075,"WebGL disjoint timer query, whole frames",true,0.898961,0,0,8.545,3617558,395,0,0,196591,0,0,198,43,0,0,0,6,14,196,0,144754,29506624,394,59314336,309,474624,0.0400001,0.155,1.715,2.675,0.195,,,309,3.435,1,506.1,506.1,0.0983622,30.1695,0.97262,637606,737380,978973,2329142,,,,,,,,,,,
"throttled real HTTP, loopback",backends,eac-direct-mesh,cold,0,northrop-mall,webgl2,webgl2,mesh,eac,none,explore,face-centre,1,1081x2401,,,0,,,,,249,2381458,2381458,0,h2,6203265,961,16.665,17,17.29,17.965,0,0,0.775,2.445,10.98,0.235,0.5,1.44,"WebGL disjoint timer query, whole frames",true,0.810483,0,0,6.695,3617558,395,0,0,196591,0,0,198,43,0,0,0,6,14,196,0,143866,29506624,394,59314336,311,477696,0.045,0.08,1.64,2.6,0.195,,,311,4.045,12288,503.6,503.6,0.0971728,30.1621,0.972567,637606,737380,978973,2327629,,,,,,,,,,,
"throttled real HTTP, loopback",backends,eac-residual,cold,0,northrop-mall,webgl2,webgl2,ray,eac,none,explore,face-centre,1,1081x2401,,,0,,,,,249,2088380,2088380,0,h2,6203265,962,16.66,17.38,17.59,17.72,0,0,0.795,2.46,3.93,0.215,0.745,2.3,"WebGL disjoint timer query, whole frames",true,0.998811,0,0,8.205,3968422,506,0,0,1018839,0,0,309,33,0,0,0,6,15,196,18366368,152325,29506624,505,76024720,372,571392,0.04,0.13,1.73,3.805,0.16,1.21,2.21,372,3.77,1,505.3,755.8,0.13392,30.2352,0.972675,699057,823605,1159537,2725322,,,,,,,,,,,
"throttled real HTTP, loopback",backends,control,cold,0,northrop-mall,webgl2,webgl2,ray,equirectangular (control),none,explore,face-centre,1,1081x2401,,,0,,,,,7,4905259,4905259,0,h2,6203265,956,16.665,17.51,17.675,17.78,0,0,0,0.05,6.285,0.2,0.47,0.96,"WebGL disjoint timer query, whole frames",true,0.783503,0,0,105.13,4905259,,,,,,,,,,,,,,,,,,,,,,,,,,,,,,6.575,,514.9,514.9,0.324,35.1702,0.996248,,,,,482.435,114.825,61.645,305.965,20,131064,100663288,,,,
"throttled real HTTP, loopback",backends,eac-direct,cold,0,northrop-mall,webgpu,webgpu,ray,eac,none,stationary,off-axis,1,1081x2401,,,0,,,,,47,496812,496812,0,h2,6203265,602,16.665,17.55,17.68,18.145,0,0,0.04,0.895,1.54,0.47,0.825,1.935,WebGPU render-pass timestamps,true,0.729864,0,0,6.39,477685,46,0,0,54956,0,0,0,0,0,0,0,6,14,45,0,130748,29506624,45,6774480,23,35328,0.075,0.24,1.085,2.095,0.075,,,23,2.11,1,510.5,510.5,0.185006,31.9252,0.976762,477685,477685,477685,477685,,,,,,,,,,,
"throttled real HTTP, loopback",backends,eac-direct-mesh,cold,0,northrop-mall,webgpu,webgpu,mesh,eac,none,stationary,off-axis,1,1081x2401,,,0,,,,,47,496812,496812,0,h2,6203265,602,16.655,17.27,17.57,17.7,0,0,0.045,1.015,1.45,0.495,0.82,2.28,WebGPU render-pass timestamps,true,0.522356,0,0,6.075,477685,46,0,0,54956,0,0,0,0,0,0,0,6,14,45,0,130748,29506624,45,6774480,23,35328,0.0949999,0.21,1.27,2.225,0.085,,,23,2.12,12288,512.1,512.1,0.185006,31.9252,0.976762,477685,477685,477685,477685,,,,,,,,,,,
"throttled real HTTP, loopback",backends,eac-residual,cold,0,northrop-mall,webgpu,webgpu,ray,eac,none,stationary,off-axis,1,1081x2401,,,0,,,,,70,637115,637115,0,h2,6203265,602,16.66,17.495,17.635,17.77,0,0,0.04,1.03,1.66,0.48,0.765,1.635,WebGPU render-pass timestamps,true,0.734668,0,0,6.61,611088,69,0,0,44589,0,0,0,0,0,0,0,6,14,68,3462512,115584,29506624,68,10236992,34,52224,0.0849999,0.135,1.53,3.05,0.0899999,0.87,1.98,34,2.035,1,513.7,513.7,0.168169,31.9346,0.976666,611088,611088,611088,611088,,,,,,,,,,,
"throttled real HTTP, loopback",backends,control,cold,0,northrop-mall,webgpu,webgpu,ray,equirectangular (control),none,stationary,off-axis,1,1081x2401,,,0,,,,,7,4905259,4905259,0,h2,6203265,591,16.66,17.445,17.675,131.88,2,2,0,0.475,0.76,0.445,0.755,1.37,WebGPU render-pass timestamps,true,0.532983,0,0,22.41,4905259,,,,,,,,,,,,,,,,,,,,,,,,,,,,,,3.03,,752.8,752.8,1.22682,38.577,0.996786,,,,,536.955,30.805,60.11,446.04,20,131064,100663288,,,,
"throttled real HTTP, loopback",backends,eac-direct,cold,0,northrop-mall,webgpu,webgpu,ray,eac,none,explore,face-centre,1,1081x2401,,,0,,,,,249,2385218,2385218,0,h2,6203265,962,16.665,17.49,17.61,18.425,0,0,0.8,2.09,2.95,0.39,0.72,0.975,WebGPU render-pass timestamps,true,0.730002,0,0,6.495,3617558,395,0,0,196591,0,0,198,43,0,0,0,6,14,196,0,145714,29506624,394,59314336,306,470016,0.175,0.255,1.67,2.475,0.185,,,306,3.425,1,264,514.1,0.047393,30.1765,0.972648,642625,737380,978973,2329142,,,,,,,,,,,
"throttled real HTTP, loopback",backends,eac-direct-mesh,cold,0,northrop-mall,webgpu,webgpu,mesh,eac,none,explore,face-centre,1,1081x2401,,,0,,,,,249,2385218,2385218,0,h2,6203265,962,16.66,17.335,17.585,17.715,0,0,0.855,2.055,2.51,0.395,0.72,1.61,WebGPU render-pass timestamps,true,0.510037,0,0,6.13,3617558,395,0,0,196591,0,0,198,43,0,0,0,6,14,196,0,145714,29506624,394,59314336,312,479232,0.175,0.26,1.69,2.55,0.185,,,312,3.09,12288,516.2,516.2,0.0484893,30.1654,0.972612,642625,737380,978973,2329142,,,,,,,,,,,
"throttled real HTTP, loopback",backends,eac-residual,cold,0,northrop-mall,webgpu,webgpu,ray,eac,none,explore,face-centre,1,1081x2401,,,0,,,,,249,2085815,2085815,0,h2,6203265,962,16.665,17.36,17.61,17.83,0,0,0.84,2.115,2.81,0.375,0.675,2.205,WebGPU render-pass timestamps,true,0.727658,0,0,6.485,3984526,508,0,0,1018839,0,0,311,35,0,0,0,6,15,196,18366368,152170,29506624,507,76325808,372,571392,0.11,0.32,1.7,3.59,0.15,1.275,2.055,372,3.21,1,509.5,760.1,0.118728,30.2405,0.972759,729402,849870,1175641,2741426,,,,,,,,,,,
"throttled real HTTP, loopback",backends,control,cold,0,northrop-mall,webgpu,webgpu,ray,equirectangular (control),none,explore,face-centre,1,1081x2401,,,0,,,,,7,4905259,4905259,0,h2,6203265,961,16.665,17.44,17.595,19.95,0,0,0,0.245,0.735,0.395,0.705,1.155,WebGPU render-pass timestamps,true,0.536971,0,0,18.63,4905259,,,,,,,,,,,,,,,,,,,,,,,,,,,,,,1.215,,501.1,501.1,0.381581,37.3188,0.997632,,,,,385.675,27.555,59.685,298.435,20,131064,100663288,,,,
"throttled real HTTP, loopback",backends,control,cold,1,northrop-mall,webgl1,webgl1,ray,equirectangular (control),none,stationary,off-axis,1,1081x2401,,,0,,,,,7,4905259,4905259,0,h2,6203265,596,16.665,17.52,17.685,17.765,0,0,0,0.145,6.395,0.245,0.575,0.955,"WebGL disjoint timer query, whole frames",false,,0,0,104.68,4905259,,,,,,,,,,,,,,,,,,,,,,,,,,,,,,6.645,,509.6,509.6,0.520771,35.1096,0.99461,,,,,477.145,114.455,61.27,301.42,20,131064,75497472,,,,
"throttled real HTTP, loopback",backends,eac-residual,cold,1,northrop-mall,webgl1,webgl1,ray,eac,none,stationary,off-axis,1,1081x2401,,,0,,,,,70,637115,637115,0,h2,6203265,601,16.665,17.32,17.635,17.8,0,0,0.04,0.875,1.32,0.255,0.535,1.445,"WebGL disjoint timer query, whole frames",false,,0,0,6.705,611088,69,0,0,44589,0,0,0,0,0,0,0,6,14,68,3462512,115584,29506624,68,10236992,34,52224,0.02,0.11,1.49,2.915,0.09,0.86,2.115,34,1.805,1,503.1,503.1,0.181331,31.9346,0.976666,611088,611088,611088,611088,,,,,,,,,,,
"throttled real HTTP, loopback",backends,eac-direct-mesh,cold,1,northrop-mall,webgl1,webgl1,mesh,eac,none,stationary,off-axis,1,1081x2401,,,0,,,,,47,496812,496812,0,h2,6203265,601,16.66,17.53,17.685,18.325,0,0,0.04,1.085,3.24,0.255,0.565,1.605,"WebGL disjoint timer query, whole frames",false,,0,0,6.635,477685,46,0,0,54956,0,0,0,0,0,0,0,6,14,45,0,130748,29506624,45,6774480,23,35328,0.025,0.0650001,1.44,2.18,0.115,,,23,3.68,12288,502.7,502.7,0.188888,31.9252,0.976762,477685,477685,477685,477685,,,,,,,,,,,
"throttled real HTTP, loopback",backends,eac-direct,cold,1,northrop-mall,webgl1,webgl1,ray,eac,none,stationary,off-axis,1,1081x2401,,,0,,,,,47,496812,496812,0,h2,6203265,601,16.66,17.395,17.6,18.05,0,0,0.04,1.03,1.295,0.255,0.535,1.385,"WebGL disjoint timer query, whole frames",false,,0,0,6.795,477685,46,0,0,54956,0,0,0,0,0,0,0,6,14,45,0,130748,29506624,45,6774480,23,35328,0.025,0.12,1.315,2.035,0.11,,,23,1.58,1,505.5,505.5,0.188888,31.9252,0.976762,477685,477685,477685,477685,,,,,,,,,,,
"throttled real HTTP, loopback",backends,control,cold,1,northrop-mall,webgl1,webgl1,ray,equirectangular (control),none,explore,face-centre,1,1081x2401,,,0,,,,,7,4905259,4905259,0,h2,6203265,956,16.66,17.495,17.65,18.335,0,0,0,0.05,6.54,0.2,0.465,0.74,"WebGL disjoint timer query, whole frames",false,,0,0,104.63,4905259,,,,,,,,,,,,,,,,,,,,,,,,,,,,,,6.78,,508.2,508.2,0.323717,35.1603,0.996243,,,,,475.85,115.02,60.405,300.425,20,131064,75497472,,,,
"throttled real HTTP, loopback",backends,eac-residual,cold,1,northrop-mall,webgl1,webgl1,ray,eac,none,explore,face-centre,1,1081x2401,,,0,,,,,249,2085530,2085530,0,h2,6203265,961,16.665,16.81,17.01,17.705,0,0,0.815,2.105,4.125,0.21,0.45,0.935,"WebGL disjoint timer query, whole frames",false,,0,0,6.32,3974428,507,0,0,1018839,0,0,310,34,0,0,0,6,15,196,18366368,152325,29506624,506,76175264,373,572928,0.0350001,0.095,1.61,3.61,0.16,1.22,2.175,373,2.915,1,501.5,751.5,0.134622,30.2255,0.972625,705063,829611,1165543,2729836,,,,,,,,,,,
"throttled real HTTP, loopback",backends,eac-direct-mesh,cold,1,northrop-mall,webgl1,webgl1,mesh,eac,none,explore,face-centre,1,1081x2401,,,0,,,,,249,2381458,2381458,0,h2,6203265,961,16.66,17.515,17.635,17.785,0,0,0.805,2.095,4.035,0.215,0.465,1.635,"WebGL disjoint timer query, whole frames",false,,0,0,6.725,3617558,395,0,0,196591,0,0,198,43,0,0,0,6,14,196,0,143423,29506624,394,59314336,308,473088,0.045,0.0849999,1.62,2.405,0.2,,,308,2.895,12288,502.8,502.8,0.0969481,30.1626,0.972586,637606,737380,978973,2327629,,,,,,,,,,,
"throttled real HTTP, loopback",backends,eac-direct,cold,1,northrop-mall,webgl1,webgl1,ray,eac,none,explore,face-centre,1,1081x2401,,,0,,,,,249,2381458,2381458,0,h2,6203265,961,16.67,18.13,18.555,19.225,0,0,0.785,1.99,2.455,0.225,0.49,1.6,"WebGL disjoint timer query, whole frames",false,,0,0,6.585,3617558,395,0,0,196591,0,0,198,43,0,0,0,6,14,196,0,143866,29506624,394,59314336,309,474624,0.0400001,0.09,1.54,2.345,0.18,,,309,2.34,1,503.6,503.6,0.0974768,30.1639,0.972574,637606,737380,978973,2327629,,,,,,,,,,,
"throttled real HTTP, loopback",backends,control,cold,1,northrop-mall,webgl2,webgl2,ray,equirectangular (control),none,stationary,off-axis,1,1081x2401,,,0,,,,,7,4905259,4905259,0,h2,6203265,596,16.675,18.09,18.58,18.705,0,0,0,0.165,6.49,0.26,0.53,0.92,"WebGL disjoint timer query, whole frames",true,0.583239,0,0,104.95,4905259,,,,,,,,,,,,,,,,,,,,,,,,,,,,,,6.775,,515.3,515.3,0.520771,35.1096,0.99461,,,,,484.69,114.345,61.37,308.975,20,131064,100663288,,,,
"throttled real HTTP, loopback",backends,eac-residual,cold,1,northrop-mall,webgl2,webgl2,ray,eac,none,stationary,off-axis,1,1081x2401,,,0,,,,,70,637115,637115,0,h2,6203265,602,16.67,16.945,17.085,17.83,0,0,0.045,1.345,4.935,0.31,0.585,1.13,"WebGL disjoint timer query, whole frames",true,0.926656,0,0,8.17,611088,69,0,0,44589,0,0,0,0,0,0,0,6,14,68,3462512,115584,29506624,68,10236992,34,52224,0.0200001,0.115,1.71,4.73,0.115,1.1,2.105,34,5.41,1,509.1,509.1,0.181331,31.9346,0.976666,611088,611088,611088,611088,,,,,,,,,,,
"throttled real HTTP, loopback",backends,eac-direct-mesh,cold,1,northrop-mall,webgl2,webgl2,mesh,eac,none,stationary,off-axis,1,1081x2401,,,0,,,,,47,496812,496812,0,h2,6203265,602,16.665,17.005,17.125,17.63,0,0,0.045,1.105,3.16,0.32,0.66,2.205,"WebGL disjoint timer query, whole frames",true,0.684172,0,0,7.845,477685,46,0,0,54956,0,0,0,0,0,0,0,6,14,45,0,130748,29506624,45,6774480,23,35328,0.035,0.11,1.615,3.5,0.155,,,23,3.685,12288,507,507,0.188888,31.9252,0.976762,477685,477685,477685,477685,,,,,,,,,,,
"throttled real HTTP, loopback",backends,eac-direct,cold,1,northrop-mall,webgl2,webgl2,ray,eac,none,stationary,off-axis,1,1081x2401,,,0,,,,,47,496812,496812,0,h2,6203265,602,16.66,18.29,18.475,18.635,0,0,0.04,1.115,1.855,0.305,0.65,1.665,"WebGL disjoint timer query, whole frames",true,0.904076,0,0,7.825,477685,46,0,0,54956,0,0,0,0,0,0,0,6,14,45,0,130748,29506624,45,6774480,23,35328,0.0250001,0.105,1.195,3.085,0.1,,,23,2.275,1,507.4,507.4,0.188888,31.9252,0.976762,477685,477685,477685,477685,,,,,,,,,,,
"throttled real HTTP, loopback",backends,control,cold,1,northrop-mall,webgl2,webgl2,ray,equirectangular (control),none,explore,face-centre,1,1081x2401,,,0,,,,,7,4905259,4905259,0,h2,6203265,955,16.665,16.95,17.095,21.28,1,0,0,0.06,6.185,0.235,0.53,1.025,"WebGL disjoint timer query, whole frames",true,0.636638,0,0,105.635,4905259,,,,,,,,,,,,,,,,,,,,,,,,,,,,,,6.49,,505.6,505.6,0.324215,35.1699,0.996255,,,,,473.375,115.165,61.575,296.635,20,131064,100663288,,,,
"throttled real HTTP, loopback",backends,eac-residual,cold,1,northrop-mall,webgl2,webgl2,ray,eac,none,explore,face-centre,1,1081x2401,,,0,,,,,249,2088380,2088380,0,h2,6203265,962,16.67,18.05,18.555,18.7,0,0,0.83,2.555,6.64,0.225,0.79,1.235,"WebGL disjoint timer query, whole frames",true,1.06761,0,0,8.195,3968422,506,0,0,1018839,0,0,309,33,0,0,0,6,15,196,18366368,152325,29506624,505,76024720,373,572928,0.04,0.175,1.79,3.835,0.17,1.23,2.26,373,6.685,1,506.5,756.5,0.134776,30.2341,0.972663,699057,823605,1159537,2725322,,,,,,,,,,,
"throttled real HTTP, loopback",backends,eac-direct-mesh,cold,1,northrop-mall,webgl2,webgl2,mesh,eac,none,explore,face-centre,1,1081x2401,,,0,,,,,249,2385218,2385218,0,h2,6203265,962,16.665,17.485,17.64,17.815,0,0,0.845,2.04,2.42,0.255,0.56,1.41,"WebGL disjoint timer query, whole frames",true,1.97838,0,0,6.755,3617558,395,0,0,196591,0,0,198,43,0,0,0,6,14,196,0,145714,29506624,394,59314336,311,477696,0.0450001,0.205,1.64,2.29,0.19,,,311,2.85,12288,516.7,516.7,0.0491638,30.1664,0.972635,642625,737380,978973,2329142,,,,,,,,,,,
"throttled real HTTP, loopback",backends,eac-direct,cold,1,northrop-mall,webgl2,webgl2,ray,eac,none,explore,face-centre,1,1081x2401,,,0,,,,,249,2385218,2385218,0,h2,6203265,962,16.66,17.465,17.635,20.305,1,0,0.85,2.08,9.225,0.25,0.475,1.255,"WebGL disjoint timer query, whole frames",true,0.871169,0,0,6.04,3617558,395,0,0,196591,0,0,198,43,0,0,0,6,14,196,0,141446,29506624,394,59314336,305,468480,0.0450001,0.12,1.69,2.4,0.195,,,305,3.19,1,262.2,512.4,0.0461622,30.1757,0.972669,642625,737380,978973,2329142,,,,,,,,,,,
"throttled real HTTP, loopback",backends,control,cold,1,northrop-mall,webgpu,webgpu,ray,equirectangular (control),none,stationary,off-axis,1,1081x2401,,,0,,,,,7,4905259,4905259,0,h2,6203265,602,16.665,17.48,17.655,19.755,0,0,0,0.735,1.06,0.475,0.835,1.13,WebGPU render-pass timestamps,true,0.530732,0,0,17.925,4905259,,,,,,,,,,,,,,,,,,,,,,,,,,,,,,1.515,,516.5,516.5,0.613408,38.577,0.996786,,,,,384.695,26.375,59.91,298.41,20,131064,100663288,,,,
"throttled real HTTP, loopback",backends,eac-residual,cold,1,northrop-mall,webgpu,webgpu,ray,eac,none,stationary,off-axis,1,1081x2401,input,,0,,,,,70,637115,637115,0,h2,6203265,602,16.665,16.87,17.29,17.645,0,0,0.04,1.42,2.67,0.46,0.87,1.51,WebGPU render-pass timestamps,true,0.98711,0,0,6.29,611088,69,0,0,44589,0,0,0,0,0,0,0,6,14,68,3462512,115584,29506624,68,10236992,34,52224,0.09,0.235,1.86,4.655,0.12,1.12,2.035,34,3.315,1,510.4,510.4,0.168169,31.9346,0.976666,611088,611088,611088,611088,,,,,,,,,,,
"throttled real HTTP, loopback",backends,eac-direct-mesh,cold,1,northrop-mall,webgpu,webgpu,mesh,eac,none,stationary,off-axis,1,1081x2401,,,0,,,,,47,496812,496812,0,h2,6203265,601,16.665,17.455,17.645,17.87,0,0,0.045,1.34,2.005,0.5,0.905,2.225,WebGPU render-pass timestamps,true,0.519376,0,0,5.725,477685,46,0,0,54956,0,0,0,0,0,0,0,6,14,45,0,130748,29506624,45,6774480,23,35328,0.0849999,0.22,1.35,2.69,0.115,,,23,2.54,12288,503.1,503.1,0.188888,31.9252,0.976762,477685,477685,477685,477685,,,,,,,,,,,
"throttled real HTTP, loopback",backends,eac-direct,cold,1,northrop-mall,webgpu,webgpu,ray,eac,none,stationary,off-axis,1,1081x2401,,,0,,,,,47,496812,496812,0,h2,6203265,602,16.66,17.495,17.675,17.815,0,0,0.04,1.27,1.78,0.485,0.79,2.085,WebGPU render-pass timestamps,true,0.727216,0,0,5.99,477685,46,0,0,54956,0,0,0,0,0,0,0,6,14,45,0,130748,29506624,45,6774480,23,35328,0.08,0.235,1.35,2.54,0.11,,,23,2.255,1,515.3,515.3,0.185006,31.9252,0.976762,477685,477685,477685,477685,,,,,,,,,,,
"throttled real HTTP, loopback",backends,control,cold,1,northrop-mall,webgpu,webgpu,ray,equirectangular (control),none,explore,face-centre,1,1081x2401,memory,,0,,,,,7,4905259,4905259,0,h2,6203265,962,16.66,17.505,17.68,19.965,0,0,0,0.5,0.77,0.445,0.785,1.525,WebGPU render-pass timestamps,true,1.07479,0,0,12.735,4905259,,,,,,,,,,,,,,,,,,,,,,,,,,,,,,1.18,,511.7,511.7,0.381422,37.3274,0.997628,,,,,379.59,21.195,60.41,297.985,20,131064,100663288,,,,
"throttled real HTTP, loopback",backends,eac-residual,cold,1,northrop-mall,webgpu,webgpu,ray,eac,none,explore,face-centre,1,1081x2401,input,,0,,,,,249,2085530,2085530,0,h2,6203265,961,16.66,17.46,17.66,18.215,0,0,0.81,2.28,3.125,0.4,0.825,2.21,WebGPU render-pass timestamps,true,1.00166,0,0,6.145,3974428,507,0,0,1018839,0,0,310,34,0,0,0,6,15,196,18366368,152325,29506624,506,76175264,374,574464,0.115,0.25,1.845,3.795,0.17,1.295,2.15,374,3.965,1,502.2,752.8,0.134655,30.2243,0.972615,705063,829611,1165543,2729836,,,,,,,,,,,
"throttled real HTTP, loopback",backends,eac-direct-mesh,cold,1,northrop-mall,webgpu,webgpu,mesh,eac,none,explore,face-centre,1,1081x2401,input,,0,,,,,249,2381458,2381458,0,h2,6203265,962,16.66,17.295,17.615,17.785,0,0,0.805,2.345,3.18,0.39,0.7,1.285,WebGPU render-pass timestamps,true,0.490449,0,0,6.88,3617558,395,0,0,196591,0,0,198,43,0,0,0,6,14,196,0,143866,29506624,394,59314336,312,479232,0.15,0.265,1.795,2.525,0.195,,,312,3.67,12288,504.5,504.5,0.0977717,30.1668,0.972597,637606,737380,978973,2327629,,,,,,,,,,,
"throttled real HTTP, loopback",backends,eac-direct,cold,1,northrop-mall,webgpu,webgpu,ray,eac,none,explore,face-centre,1,1081x2401,input,,0,,,,,249,2383629,2383629,0,h2,6203265,962,16.665,17.36,17.64,17.895,0,0,0.725,1.84,2.21,0.415,0.755,1.305,WebGPU render-pass timestamps,true,0.935979,0,0,5.98,3615969,395,0,0,181889,0,0,198,43,0,0,0,6,14,196,0,136224,29506624,394,59314336,310,476160,0.105,0.27,1.62,2.435,0.165,,,310,2.725,1,508.9,508.9,0.0997079,30.1716,0.972675,641036,735791,977384,2327553,,,,,,,,,,,
"throttled real HTTP, loopback",busy,eac-direct,cold,0,northrop-mall,webgl2,webgl2,ray,eac,none,explore,face-centre,1,1081x2401,input,,1,,,,,249,2385218,2385218,0,h2,6203265,962,16.665,17.455,17.615,17.725,0,0,0.175,0.495,0.83,0.03,0.11,0.365,"WebGL disjoint timer query, whole frames",true,0.857292,0,0,4.705,3617558,395,0,0,196591,0,0,198,43,0,0,0,6,14,196,0,141446,29506624,394,59314336,307,471552,0.00999999,0.0700001,0.415,0.71,0.0500001,,,307,1.385,1,262.8,512.7,0.0461882,30.1732,0.972646,642625,737380,978973,2329142,,,,,,,,,,,
"throttled real HTTP, loopback",busy,eac-residual,cold,0,northrop-mall,webgl2,webgl2,ray,eac,none,explore,face-centre,1,1081x2401,input,,1,,,,,249,2085815,2085815,0,h2,6203265,962,16.665,16.83,17.17,17.65,0,0,0.195,0.615,0.73,0.035,0.115,0.37,"WebGL disjoint timer query, whole frames",true,0.970135,0,0,4.8,3984526,508,0,0,1018839,0,0,311,35,0,0,0,6,15,196,18366368,152170,29506624,507,76325808,369,566784,0.00999999,0.1,0.455,1.005,0.045,0.355,1.52,369,1.455,1,515,765,0.123211,30.2375,0.972727,729402,849870,1175641,2741426,,,,,,,,,,,
"throttled real HTTP, loopback",busy,control,cold,0,northrop-mall,webgl2,webgl2,ray,equirectangular (control),none,explore,face-centre,1,1081x2401,memory,,1,,,,,7,4905259,4905259,0,h2,6203265,956,16.665,17.475,17.615,17.71,0,0,0,0.055,6.65,0.025,0.125,0.345,"WebGL disjoint timer query, whole frames",true,0.572143,0,0,104.765,4905259,,,,,,,,,,,,,,,,,,,,,,,,,,,,,,6.955,,508.7,508.7,0.323985,35.1606,0.996242,,,,,475.605,112.245,57.28,306.08,20,131064,100663288,,,,
"throttled real HTTP, loopback",busy,control,cold,1,northrop-mall,webgl2,webgl2,ray,equirectangular (control),none,explore,face-centre,1,1081x2401,,,1,,,,,7,4905259,4905259,0,h2,6203265,956,16.665,17.02,17.285,17.66,0,0,0,0.035,6.485,0.025,0.12,0.3,"WebGL disjoint timer query, whole frames",true,0.660928,0,0,103.77,4905259,,,,,,,,,,,,,,,,,,,,,,,,,,,,,,6.775,,511.8,511.8,0.323684,35.1675,0.996246,,,,,478.585,111.15,57.05,310.385,20,131064,100663288,,,,
"throttled real HTTP, loopback",busy,eac-residual,cold,1,northrop-mall,webgl2,webgl2,ray,eac,none,explore,face-centre,1,1081x2401,,,1,,,,,249,2085815,2085815,0,h2,6203265,962,16.665,16.78,16.96,17.365,0,0,0.21,0.66,1.12,0.045,0.125,0.405,"WebGL disjoint timer query, whole frames",true,1.23034,0,0,4.84,3984526,508,0,0,1018839,0,0,311,35,0,0,0,6,15,196,18366368,152170,29506624,507,76325808,371,569856,0.00999999,0.0749999,0.505,1.095,0.0500001,0.355,1.325,371,1.44,1,515.5,765.5,0.123376,30.2365,0.972721,729402,849870,1175641,2741426,,,,,,,,,,,
"throttled real HTTP, loopback",busy,eac-direct,cold,1,northrop-mall,webgl2,webgl2,ray,eac,none,explore,face-centre,1,1081x2401,,,1,,,,,249,2381458,2381458,0,h2,6203265,962,16.665,17.46,17.615,17.69,0,0,0.185,0.62,1.14,0.04,0.13,0.395,"WebGL disjoint timer query, whole frames",true,1.20995,0,0,6.23,3617558,395,0,0,196591,0,0,198,43,0,0,0,6,14,196,0,144754,29506624,394,59314336,309,474624,0.00999999,0.115,0.45,0.76,0.0550001,,,309,1.425,1,506.1,506.1,0.0983248,30.1699,0.972628,637606,737380,978973,2329142,,,,,,,,,,,
