kind,panorama,projection,tile,jpegQuality,payload,samples,finestLevelBytes,pyramidBytes,finestLevelBytesWithoutGutter,viewPsnr,viewSsim,clippedShare,level,faceSize,levelBytes,bytes,width,height,encoder
tiles,northrop-mall,eac,192,60,replacement,14155776,2291326,3213350,,34.1935,0.969023,,,,,,,,
tiles,northrop-mall,eac,192,70,replacement,14155776,2686560,3785531,,34.9862,0.97353,,,,,,,,
tiles,northrop-mall,eac,192,80,replacement,14155776,3317683,4697568,3129057,36.0105,0.978373,,,,,,,,
tiles,northrop-mall,eac,192,80,residual,14155776,2667304,3846958,,35.8167,0.977991,0.0000017573,,,,,,,
level,northrop-mall,eac,192,80,,,,,,24.8309,0.580271,,0,192,68839,,,,
level,northrop-mall,eac,192,80,,,,,,26.9344,0.735169,,1,384,278956,,,,
level,northrop-mall,eac,192,80,,,,,,30.374,0.899678,,2,768,1032090,,,,
bootstrap,northrop-mall,eac,,,,,,,,20.1546,0.480374,,,24,,1836,78,52,
bootstrap,northrop-mall,eac,,,,,,,,21.6719,0.487279,,,48,,5231,150,100,
bootstrap,northrop-mall,eac,,,,,,,,23.2221,0.508911,,,96,,17722,294,196,
bootstrap,northrop-mall,eac,,,,,,,,24.7862,0.579692,,,192,,66157,582,388,
tiles,northrop-mall,eac,96,80,replacement,14155776,3906889,5513952,3496597,36.0139,0.978351,,,,,,,,
tiles,northrop-mall,eac,384,80,replacement,14155776,3129133,4372723,3042174,36.0084,0.97838,,,,,,,,
tiles,northrop-mall,eac,192,90,replacement,14155776,4702653,6670982,,37.3191,0.983742,,,,,,,,
tiles,northrop-mall,cube,192,60,replacement,14155776,2299998,3225007,,33.6516,0.963407,,,,,,,,
tiles,northrop-mall,cube,192,70,replacement,14155776,2694729,3796090,,34.3509,0.968192,,,,,,,,
tiles,northrop-mall,cube,192,80,replacement,14155776,3323968,4705743,3106634,35.2482,0.973306,,,,,,,,
tiles,northrop-mall,cube,192,80,residual,14155776,2663562,3845578,,35.0861,0.972942,0.00000166943,,,,,,,
level,northrop-mall,cube,192,80,,,,,,24.6212,0.571217,,0,192,68269,,,,
level,northrop-mall,cube,192,80,,,,,,26.7244,0.720878,,1,384,278085,,,,
level,northrop-mall,cube,192,80,,,,,,30.0271,0.887727,,2,768,1035421,,,,
bootstrap,northrop-mall,cube,,,,,,,,20.3085,0.47963,,,24,,1803,78,52,
bootstrap,northrop-mall,cube,,,,,,,,21.3018,0.486295,,,48,,5196,150,100,
bootstrap,northrop-mall,cube,,,,,,,,23.0421,0.505734,,,96,,17594,294,196,
bootstrap,northrop-mall,cube,,,,,,,,24.6962,0.570852,,,192,,65594,582,388,
tiles,northrop-mall,cube,96,80,replacement,14155776,3911796,5522375,3472537,35.2526,0.973291,,,,,,,,
tiles,northrop-mall,cube,384,80,replacement,14155776,3130521,4375523,3018943,35.2461,0.973319,,,,,,,,
tiles,northrop-mall,cube,192,90,replacement,14155776,4710570,6683252,,36.4147,0.978991,,,,,,,,
control,northrop-mall,equirectangular,,,,2097152,,,,28.8361,0.830364,,,,,697048,2048,,"jpeg-js quality 80, no chroma subsampling (scripts/prepare-panorama.mjs)"
control,northrop-mall,equirectangular,,,,8388608,,,,33.7592,0.955634,,,,,2408541,4096,,"jpeg-js quality 80, no chroma subsampling (scripts/prepare-panorama.mjs)"
control,northrop-mall,equirectangular,,,,18874368,,,,39.6397,0.995679,,,,,4891360,6144,,"jpeg-js quality 80, no chroma subsampling (scripts/prepare-panorama.mjs)"
tiles,bookstore,eac,192,60,replacement,14155776,749121,1124035,,41.5806,0.985448,,,,,,,,
tiles,bookstore,eac,192,70,replacement,14155776,884545,1326536,,42.845,0.988064,,,,,,,,
tiles,bookstore,eac,192,80,replacement,14155776,1106925,1658678,1040375,44.099,0.990825,,,,,,,,
tiles,bookstore,eac,192,80,residual,14155776,878169,1347994,,43.7106,0.989516,5.27189e-8,,,,,,,
level,bookstore,eac,192,80,,,,,,29.7926,0.855799,,0,192,38857,,,,
level,bookstore,eac,192,80,,,,,,33.1682,0.920739,,1,384,128050,,,,
level,bookstore,eac,192,80,,,,,,38.12,0.972315,,2,768,384846,,,,
bootstrap,bookstore,eac,,,,,,,,23.6213,0.804464,,,24,,1503,78,52,
bootstrap,bookstore,eac,,,,,,,,25.293,0.808409,,,48,,3952,150,100,
bootstrap,bookstore,eac,,,,,,,,27.3759,0.821759,,,96,,11751,294,196,
bootstrap,bookstore,eac,,,,,,,,29.7879,0.855589,,,192,,37347,582,388,
tiles,bookstore,eac,96,80,replacement,14155776,1535607,2256479,1391050,44.1063,0.990823,,,,,,,,
tiles,bookstore,eac,384,80,replacement,14155776,982178,1450462,953533,44.0955,0.990826,,,,,,,,
tiles,bookstore,eac,192,90,replacement,14155776,1665446,2486927,,45.7117,0.993697,,,,,,,,
tiles,bookstore,cube,192,60,replacement,14155776,716744,1075213,,40.9143,0.984021,,,,,,,,
tiles,bookstore,cube,192,70,replacement,14155776,845008,1267725,,41.9953,0.986746,,,,,,,,
tiles,bookstore,cube,192,80,replacement,14155776,1064100,1592897,990439,43.0266,0.989589,,,,,,,,
tiles,bookstore,cube,192,80,residual,14155776,851764,1303966,,42.798,0.988344,1.40584e-7,,,,,,,
level,bookstore,cube,192,80,,,,,,29.4442,0.852778,,0,192,37151,,,,
level,bookstore,cube,192,80,,,,,,32.5606,0.913924,,1,384,122674,,,,
level,bookstore,cube,192,80,,,,,,37.3095,0.968737,,2,768,368972,,,,
bootstrap,bookstore,cube,,,,,,,,23.4355,0.803997,,,24,,1436,78,52,
bootstrap,bookstore,cube,,,,,,,,25.0665,0.808101,,,48,,3784,150,100,
bootstrap,bookstore,cube,,,,,,,,26.9596,0.819578,,,96,,11193,294,196,
bootstrap,bookstore,cube,,,,,,,,29.467,0.852499,,,192,,35627,582,388,
tiles,bookstore,cube,96,80,replacement,14155776,1489747,2185600,1340095,43.0355,0.989595,,,,,,,,
tiles,bookstore,cube,384,80,replacement,14155776,940988,1388733,904353,43.0225,0.989591,,,,,,,,
tiles,bookstore,cube,192,90,replacement,14155776,1618863,2410067,,44.5556,0.992674,,,,,,,,
control,bookstore,equirectangular,,,,2097152,,,,36.1566,0.949414,,,,,272597,2048,,"jpeg-js quality 80, no chroma subsampling (scripts/prepare-panorama.mjs)"
control,bookstore,equirectangular,,,,8388608,,,,42.1057,0.984392,,,,,821842,4096,,"jpeg-js quality 80, no chroma subsampling (scripts/prepare-panorama.mjs)"
control,bookstore,equirectangular,,,,18874368,,,,48.2347,0.997386,,,,,1533826,6144,,"jpeg-js quality 80, no chroma subsampling (scripts/prepare-panorama.mjs)"
tiles,superblock,eac,192,60,replacement,14155776,2501238,3524173,,31.171,0.973165,,,,,,,,
tiles,superblock,eac,192,70,replacement,14155776,2919938,4145474,,31.9416,0.977855,,,,,,,,
tiles,superblock,eac,192,80,replacement,14155776,3567022,5117526,3357720,33.0187,0.982442,,,,,,,,
tiles,superblock,eac,192,80,residual,14155776,2728514,4030987,,33.0857,0.982307,0.00000541247,,,,,,,
level,superblock,eac,192,80,,,,,,20.0701,0.409893,,0,192,77604,,,,
level,superblock,eac,192,80,,,,,,22.5595,0.661917,,1,384,319350,,,,
level,superblock,eac,192,80,,,,,,26.6974,0.891781,,2,768,1153550,,,,
bootstrap,superblock,eac,,,,,,,,16.7181,0.256899,,,24,,1899,78,52,
bootstrap,superblock,eac,,,,,,,,17.5506,0.265878,,,48,,5513,150,100,
bootstrap,superblock,eac,,,,,,,,18.6202,0.297542,,,96,,19114,294,196,
bootstrap,superblock,eac,,,,,,,,20.0737,0.410547,,,192,,74413,582,388,
tiles,superblock,eac,96,80,replacement,14155776,4179008,5976509,3727876,33.0286,0.982415,,,,,,,,
tiles,superblock,eac,384,80,replacement,14155776,3359368,4756307,3266481,33.0137,0.982457,,,,,,,,
tiles,superblock,eac,192,90,replacement,14155776,4965391,7210766,,34.6159,0.987096,,,,,,,,
tiles,superblock,cube,192,60,replacement,14155776,2454447,3459655,,30.3866,0.965163,,,,,,,,
tiles,superblock,cube,192,70,replacement,14155776,2865256,4067860,,31.0953,0.970739,,,,,,,,
tiles,superblock,cube,192,80,replacement,14155776,3502206,5020136,3271318,32.0633,0.976281,,,,,,,,
tiles,superblock,cube,192,80,residual,14155776,2676170,3953990,,32.1381,0.976146,0.00000488528,,,,,,,
level,superblock,cube,192,80,,,,,,19.848,0.389999,,0,192,75469,,,,
level,superblock,cube,192,80,,,,,,22.1952,0.629017,,1,384,311563,,,,
level,superblock,cube,192,80,,,,,,26.1179,0.870697,,2,768,1130898,,,,
bootstrap,superblock,cube,,,,,,,,16.6925,0.256615,,,24,,1878,78,52,
bootstrap,superblock,cube,,,,,,,,17.469,0.264447,,,48,,5341,150,100,
bootstrap,superblock,cube,,,,,,,,18.4536,0.291088,,,96,,18626,294,196,
bootstrap,superblock,cube,,,,,,,,19.8445,0.389892,,,192,,72466,582,388,
tiles,superblock,cube,96,80,replacement,14155776,4108882,5871180,3640858,32.0725,0.976258,,,,,,,,
tiles,superblock,cube,384,80,replacement,14155776,3297085,4664926,3181481,32.0585,0.976297,,,,,,,,
tiles,superblock,cube,192,90,replacement,14155776,4887228,7083271,,33.4994,0.981817,,,,,,,,
control,superblock,equirectangular,,,,2097152,,,,26.092,0.827601,,,,,923970,2048,,"jpeg-js quality 80, no chroma subsampling (scripts/prepare-panorama.mjs)"
control,superblock,equirectangular,,,,8388608,,,,32.8633,0.965188,,,,,2978620,4096,,"jpeg-js quality 80, no chroma subsampling (scripts/prepare-panorama.mjs)"
control,superblock,equirectangular,,,,18874368,,,,38.8556,0.998477,,,,,5797306,6144,,"jpeg-js quality 80, no chroma subsampling (scripts/prepare-panorama.mjs)"
