kind,panorama,projection,tile,jpegQuality,payload,samples,finestLevelBytes,pyramidBytes,finestLevelBytesWithoutGutter,viewPsnr,viewSsim
tiles,northrop-mall,eac,256,60,replacement,25165824,3467224,4971932,,36.344,0.981693
tiles,northrop-mall,eac,256,70,replacement,25165824,4059293,5851734,,37.2433,0.98491
tiles,northrop-mall,eac,256,80,replacement,25165824,4988320,7240778,,38.4494,0.988242
tiles,northrop-mall,cube,256,60,replacement,25165824,3488364,5002872,,35.8697,0.979205
tiles,northrop-mall,cube,256,70,replacement,25165824,4082888,5884097,,36.7305,0.982601
tiles,northrop-mall,cube,256,80,replacement,25165824,5012146,7269594,,37.8424,0.986136
tiles,bookstore,eac,256,60,replacement,25165824,1037901,1587297,,42.937,0.988537
tiles,bookstore,eac,256,70,replacement,25165824,1242924,1894969,,44.3901,0.990776
tiles,bookstore,eac,256,80,replacement,25165824,1586471,2409359,,45.736,0.993197
tiles,bookstore,cube,256,60,replacement,25165824,995526,1518778,,42.4938,0.98788
tiles,bookstore,cube,256,70,replacement,25165824,1191371,1813125,,43.8507,0.990151
tiles,bookstore,cube,256,80,replacement,25165824,1523408,2310159,,45.1257,0.992641
tiles,superblock,eac,256,60,replacement,25165824,3728893,5396555,,33.7283,0.986751
tiles,superblock,eac,256,70,replacement,25165824,4349725,6335676,,34.6067,0.989481
tiles,superblock,eac,256,80,replacement,25165824,5287028,7783434,,35.7704,0.991936
tiles,superblock,cube,256,60,replacement,25165824,3664109,5304025,,32.946,0.983343
tiles,superblock,cube,256,70,replacement,25165824,4275730,6228670,,33.7789,0.986547
tiles,superblock,cube,256,80,replacement,25165824,5204148,7655390,,34.905,0.989503
